name,address,ratings,category,description,location
War Remnants Museum,"Ward 6, District 3",4.5,Museums,"A museum documenting the Vietnam War through photographs, military artifacts, and historical exhibits.",Ho Chi Minh 
Independence Palace,"Ben Thanh Ward, District 1",4.5,Museums,A historic government building and iconic landmark where the Vietnam War officially ended in 1975.,Ho Chi Minh 
Notre Dame Cathedral of Saigon,"01 Paris Commune Square, Ben Nghe Ward, District 1",4.4,Landmarks,A French-built Roman Catholic cathedral known for its red bricks and twin bell towers.,Ho Chi Minh 
Ben Thanh Market,"Ben Thanh Ward, District 1",4,Landmarks,"A bustling central market offering souvenirs, local food, clothing, and handicrafts.",Ho Chi Minh 
Saigon Opera House,"07 Lam Son Square, Ben Nghe Ward, District 1",4.6,Landmarks,A French colonial era opera house hosting cultural performances and special events.,Ho Chi Minh 
Bui Vien Walking Street,"Bui Vien Street, Pham Ngu Lao Ward, District 1",4.3,Landmarks,"A vibrant nightlife street filled with bars, restaurants, and entertainment venues.",Ho Chi Minh 
Tao Dan Park,"Ben Thanh Ward, District 1",4.5,Landmarks,"A peaceful green park ideal for walking, relaxing, and enjoying local cultural activities.",Ho Chi Minh 
Ho Chi Minh City Book Street,"2 Nguyen Van Binh Street, Ben Nghe Ward, District 1",4.6,Landmarks,"A charming pedestrian street lined with bookstores, cafe, and cultural activities.",Ho Chi Minh 
Saigon Zoo & Botanical Gardens,"2 Nguyen Binh Khiem Street, Ben Nghe Ward, District 1",4.3,Landmarks,"One of the oldest zoos in Asia, featuring animal exhibits and a botanical garden.",Ho Chi Minh 
Saigon Skydeck,"36 Ho Tung Mau Street, Ben Nghe Ward, District 1",4.4,Landmarks,An observation deck offering panoramic views of Ho Chi Minh City from Bitexco Tower.,Ho Chi Minh 
Thue Cung,"247/36/1 Lac Long Quan Street, Ward 3, District 11",4.3,Shrines/Temples,A local religious site known for worship activities and community gatherings.,Ho Chi Minh 
Van Tho Buddhist Temple,"247 Hoang Sa Street, Tan Dinh Ward, District 1",4.5,Shrines/Temples,A peaceful Buddhist temple with traditional architecture and quiet surroundings.,Ho Chi Minh 
Sri Thendayuthapani Temple,"66 Ton That Thiep Street, Ben Nghe Ward, District 1",4.2,Shrines/Temples,A colorful Hindu temple known for its intricate carvings and vibrant ceremonies.,Ho Chi Minh 
Vinh Nghiem Buddhist Temple,"339 Nam Ky Khoi Nghia Street, Ward 7, District 3",4.6,Shrines/Temples,A large modern pagoda featuring a tall seven-story tower and peaceful courtyards.,Ho Chi Minh 
Ong Bon Temple,"Ben Nghe Ward, District 1",4.8,Shrines/Temples,"An ancient temple dedicated to Ong Bon, the guardian deity of communities and merchants.",Ho Chi Minh 
Phung Son Buddhist Temple,"338 Nguyen Cong Tru Street, Nguyen Thai Binh Ward, District 1",4.6,Shrines/Temples,A historic pagoda known for its traditional southern Vietnamese architecture.,Ho Chi Minh 
Pho Quang Pagoda,"21 Huynh Lan Khanh Street, Ward 2, Tan Binh District",4.7,Shrines/Temples,A spacious Buddhist pagoda with peaceful gardens and spiritual ceremonies.,Ho Chi Minh 
Temple of Hung Kings,"2 Nguyen Binh Khiem Street, Ben Nghe Ward, District 1",4.3,Shrines/Temples,"A memorial temple honoring the ancient Hung Kings, founders of Vietnam.",Ho Chi Minh 
Jade Emperor Pagoda,"73 Mai Thi Luu Street, Da Kao Ward, District 1",4.7,Shrines/Temples,A famous Taoist pagoda known for its intricate statues and sacred atmosphere.,Ho Chi Minh 
Xa Loi Buddhist Temple,"89 Ba Huyen Thanh Quan Street, Vo Thi Sau Ward, District 3",4.6,Shrines/Temples,A significant Buddhist temple with a tall stupa and peaceful grounds.,Ho Chi Minh 
Minh Dao Buddhist Temple,"3 Ky Dong Street, Ward 9, District 3",4.6,Shrines/Temples,A modern Buddhist temple known for serene worship spaces and community activities.,Ho Chi Minh 
Vietnamese National Buddhist Temple,"244 3 Thang 2 Street, Ward 12, District 10",4.7,Shrines/Temples,A major national Buddhist center with large statues and spacious courtyards.,Ho Chi Minh 
Tran Hung Dao Holy Temple,"36 Vo Thi Sau Street, Tan Dinh Ward, District 1",4.6,Shrines/Temples,A sacred temple dedicated to national hero Tran Hung Dao.,Ho Chi Minh 
Hoang Phap Buddhist Temple,"96 Tan Thoi 3 Hamlet, Tan Hiep Ward, Hoc Mon District",4.7,Shrines/Temples,A renowned Buddhist temple famous for meditation retreats and large gatherings.,Ho Chi Minh 
Southern Women's Museum,"202 Vo Thi Sau Street, Vo Thi Sau Ward, District 3",4.4,Museums,"A museum showcasing the history, culture, and contributions of Vietnamese women.",Ho Chi Minh 
Museum of Ho Chi Minh City,"65 Ly Tu Trong Street, Ben Nghe Ward, District 1",4.2,Museums,A museum featuring exhibitions on Saigon's development and historical artifacts.,Ho Chi Minh 
Museum of Traditional Vietnamese Medicine,"41 Hoang Du Khuong Street, Ward 12, District 10",4.5,Museums,A museum displaying traditional Vietnamese herbal medicine and ancient tools.,Ho Chi Minh 
Ao Dai Museum,"206/19/30 Long Thuan Street, Thu Duc City",4.4,Museums,A cultural museum dedicated to Vietnam national costume.,Ho Chi Minh 
Ton Duc Thang Museum,"5 Ton Duc Thang Street, Ben Nghe Ward, District 1",4.5,Museums,A museum honoring President Ton Duc Thang through historical documents and artifacts.,Ho Chi Minh 
Quang San Art Museum,"189B/3 Nguyen Van Huong Street, Thao Dien Ward, District 2",4.8,Museums,A contemporary art museum showcasing modern artworks in a minimalist space.,Ho Chi Minh 
Ho Chi Minh Campaign Museum,"2 Le Duan Street, Ben Nghe Ward, District 1",4.3,Museums,A museum focusing on the Ho Chi Minh Campaign that led to national reunification.,Ho Chi Minh 
Air Force Museum,"87 Thang Long Street, Ward 4, Tan Binh District",4.1,Museums,"A military museum featuring aircraft, uniforms, and aviation history.",Ho Chi Minh 
Cu Chi Tunnel,"Phu Hiep Hamlet, Cu Chi District",4.5,Museums,"A historic underground tunnel system used during the Vietnam War, now open for tours.",Ho Chi Minh 
Geological Museum of Vietnam,"2 Nguyen Binh Khiem Street, Ben Nghe Ward, District 1",4.4,Museums,"A national geological museum displaying minerals, fossils, and rock formations.",Ho Chi Minh 
Nha Rong Harbor - Ho Chi Minh Museum,"1 Nguyen Tat Thanh Street, Ward 13, District 4",4.7,Museums,"A historic port where Ho Chi Minh departed in 1911, now a memorial museum.",Ho Chi Minh 
Ho Chi Minh City Fine Arts Museum,"97A Pho Duc Chinh Street, Nguyen Thai Binh Ward, District 1",4.5,Museums,"A beautiful colonial-era museum displaying fine arts, sculptures, and modern artworks.",Ho Chi Minh 
Hanoi Train Street,"Tran Phu Street, Hang Bong Ward, Hoan Kiem District",4.6,Landmarks,A narrow residential street where a high-speed train passes just inches from homes and cafes. A popular photography spot.,Ha Noi
Imperial Citadel of Thang Long,"19c Hoang Dieu Street, Dien Bien Ward, Ba Dinh District",4.4,Landmarks,"A UNESCO World Heritage site, this was the political center of Vietnam for 13 centuries. Features excavation sites, palaces, and a museum.",Ha Noi
Hanoi Old Quarter,"Hang Ngang Street, Hang Dao Ward, Hoan Kiem District",4.6,Landmarks,"A historic area of Hanoi with 36 streets, known for its French-colonial architecture, bustling markets, street food, and artisan shops.",Ha Noi
Hanoi Opera House,"1 Trang Tien Street, Phan Chu Trinh Ward, Hoan Kiem District",4.6,Landmarks,"A grand, French-colonial theatre built in 1911. Hosts major cultural performances, including opera, ballet, and traditional music.",Ha Noi
Ho Chi Minh's Mausoleum,"1 Hung Vuong Street, Dien Bien Ward, Ba Dinh District",4.5,Shrines/Temples,A monumental granite tomb on Ba Dinh Square where the preserved body of President Ho Chi Minh is displayed.,Ha Noi
Bach Ma Temple,"76 Hang Buom Street, Hang Buom Ward, Hoan Kiem District",4.5,Shrines/Temples,"One of the four 'Sacred Temples' of Hanoi, dedicated to a white horse that reputedly guided the king in building the city's citadel.",Ha Noi
Hoa Lo Prison,"1 Hoa Lo Street, Tran Hung Dao Ward, Hoan Kiem District",4.5,Museums,Historic prison used by French colonists for political prisoners and later by North Vietnam for U.S. POWs; nicknamed the 'Hanoi Hilton'.,Ha Noi
Thang Long Water Puppet Theatre,"57B Dinh Tien Hoang Street, Hang Bac Ward, Hoan Kiem District",4.3,Landmarks,"A famous theatre by Hoan Kiem Lake, performing traditional Vietnamese water puppetry shows depicting rural life and folklore.",Ha Noi
One Pillar Pagoda,"Chua Mot Cot Street, Doi Can Ward, Ba Dinh District",4.3,Shrines/Temples,"A historic Buddhist temple built from a single stone pillar, designed to resemble a lotus flower. Part of the Ho Chi Minh Mausoleum complex.",Ha Noi
Temple Of Literature,"58 Quoc Tu Giam Street, Van Mieu - Quoc Tu Giam Ward, Dong Da District",4.6,Shrines/Temples,"A temple complex dedicated to Confucius, which hosted Vietnam's first national university. Features gardens, pavilions, and stone stelae of graduates.",Ha Noi
Vietnam National Fine Arts Museum,"66 Nguyen Thai Hoc Street, Dien Bien Ward, Ba Dinh District",4.5,Museums,"The country's primary art museum, showcasing Vietnamese fine arts from ancient times to the modern era, including folk art and 20th-century paintings.",Ha Noi
Weekend Walking Street,"5 Dinh Tien Hoang Street, Hang Trong Ward, Hoan Kiem District",4.5,Landmarks,"A large pedestrian-only area around Hoan Kiem Lake, open on weekend evenings. Features street food, live music, games, and cultural activities.",Ha Noi
Ta Hien Beer Street,"36-41 Luong Ngoc Quyen Street, Hang Buom Ward, Hoan Kiem District",4.3,Landmarks,"A vibrant street in the Old Quarter famous for its nightlife, street food, and cheap local 'bia hoi' (fresh beer), attracting crowds of locals and tourists.",Ha Noi
Vietnam Museum of Ethnology,"Nguyen Van Huyen Street, Quan Hoa Ward, Cau Giay District",4.6,Museums,"Focuses on the 54 official ethnic groups of Vietnam, featuring artifacts, daily life objects, and outdoor full-scale replica homes.",Ha Noi
Vietnamese Women's Museum,"36 Ly Thuong Kiet Street, Tran Hung Dao Ward, Hoan Kiem District",4.4,Museums,"Showcases the roles and contributions of Vietnamese women in history, family, fashion, and society.",Ha Noi
Vietnam Military History Museum,"Km6+500, CT03, Xuan Phuong",4.5,Museums,"Exhibits artifacts from Vietnam's military history, including the Indochina Wars and Vietnam War, with large outdoor displays of aircraft and tanks.",Ha Noi
Vietnam National Museum of History,"1 Trang Tien Street, Phan Chu Trinh Ward, Hoan Kiem District",4.3,Museums,"Covers Vietnam's history from prehistory up to the 1945 August Revolution, housed in a distinctive Indochinese-style building.",Ha Noi
Museum of the Vietnamese Revolution,"25 Tong Dan Street, Trang Tien Ward, Hoan Kiem District",4.5,Museums,"Chronicles Vietnam's revolutionary movements and fight for independence through documents, photographs, and artifacts.",Ha Noi
Air Force and Air Defense Museum,"173C Truong Chinh Street, Khuong Mai Ward, Thanh Xuan District",4.5,Museums,"Details the history of the Vietnam People's Air Force, with a focus on the Vietnam War. Features an outdoor static park of aircraft and air defense systems.",Ha Noi
Ho Chi Minh Trail Museum,"Km 15, National Highway 6, Ha Dong District",4.5,Museums,"Dedicated to the history of the Ho Chi Minh Trail, showcasing the logistical efforts, trucks, and equipment used during the Vietnam War.",Ha Noi
B52 Victory Museum,"157 Doi Can Street, Ba Dinh District",4.3,Museums,"Commemorates the 1972 'Christmas Bombing' campaign, detailing Hanoi's air defense. Features wreckage of a B-52 bomber and various air defense weaponry.",Ha Noi
Maison Centrale,"49 Hai Ba Trung Street, Tran Hung Dao Ward, Hoan Kiem District",4.6,Museums,"Historic colonial-era prison, also known as Hoa Lo Prison or the 'Hanoi Hilton', used for political prisoners and American POWs.",Ha Noi
The Quintessence of Vietnamese Craft Villages Center,"Hamlet 5, Bat Trang Village, Gia Lam District",4.3,Landmarks,"Located in Bat Trang ceramic village, this center showcases the essence of traditional Vietnamese craftsmanship, focusing on pottery and ceramics.",Ha Noi
Vietnam National Museum of Nature,"Gate 2 Academy of Science and Technology, 18 Hoang Quoc Viet Street, Nghia Do Ward, Cau Giay District",4.4,Museums,"Showcases Vietnam's natural history over 3.6 billion years, with exhibits on flora, fauna, and fossils, including a 3D theatre.",Ha Noi
Museum of Armored Forces,"108 Hoang Quoc Viet Street, Nghia Tan Ward, Cau Giay District",4.4,Museums,"Presents the history of the Vietnamese Armored Forces, featuring tanks and armored vehicles used in the Vietnam War and other conflicts.",Ha Noi
Vietnam Museum of Literature,"275 Au Co Street, Quang An Ward, Tay Ho District",4.3,Museums,"Celebrates Vietnam's literary history, featuring thousands of artifacts, manuscripts, and exhibits dedicated to renowned Vietnamese writers.",Ha Noi
Ngoc Son Temple,"Dinh Tien Hoang Street, Hang Trong Ward, Hoan Kiem District",4.4,Shrines/Temples,"Temple of the Jade Mountain. Located on an islet in Hoan Kiem Lake, accessed by the red The Huc Bridge. Dedicated to General Tran Hung Dao.",Ha Noi
Hai Ba Trung Temple,"12 Huong Vien Street, Dong Nhan Ward, Hai Ba Trung District",4.4,Shrines/Temples,"A temple dedicated to the two Trung Sisters (Trung Trac and Trung Nhi), who led a rebellion against Chinese rule in 40 AD.",Ha Noi
St. Joseph Cathedral,"1 Nha Tho Street, Hang Trong Ward, Hoan Kiem District",4.6,Shrines/Temples,"A late 19th-century neo-Gothic church, the oldest in Hanoi. Serves as the cathedral of the Roman Catholic Archdiocese of Hanoi.",Ha Noi
St Anthony Ham Long Church,"21 Ham Long Street, Phan Chu Trinh Ward, Hoan Kiem District",4.6,Shrines/Temples,"A Roman Catholic church built in 1934, known for its blend of Gothic architecture and traditional Vietnamese decorative elements.",Ha Noi
Ba Kieu Temple,"59 Dinh Tien Hoang Street, Hang Trong Ward, Hoan Kiem District",4.4,Shrines/Temples,"A temple located opposite Ngoc Son Temple (by Hoan Kiem Lake), dedicated to the princess Lieu Hanh, one of 'The Four Immortals' in Vietnamese folk religion.",Ha Noi
Voi Phuc Temple,"362 Kim Ma Street, Ngoc Khanh Ward, Ba Dinh District",4.7,Shrines/Temples,"Temple of the Kneeling Elephant. One of the 'Four Sacred Temples' of Hanoi, guarding the western gate of the ancient Thang Long citadel.",Ha Noi
Ly Trieu Quoc Su Pagoda,"50 Ly Quoc Su Street, Hang Trong Ward, Hoan Kiem District",4.4,Shrines/Temples,"A historic Buddhist pagoda dedicated to Ly Quoc Su, a meditation master and healer from the Ly Dynasty. Also known for its vegetarian food.",Ha Noi
Quan Thanh Temple,"190 Quan Thanh Street, Quan Thanh Ward, Ba Dinh District",4.5,Shrines/Temples,"One of the 'Four Sacred Temples' of Hanoi, guarding the northern gate. Dedicated to Huyen Thien Tran Vu, the God of the North.",Ha Noi
Quan Su Pagoda,"73 Quan Su Street, Tran Hung Dao Ward, Hoan Kiem District",4.7,Shrines/Temples,The central headquarters of the Vietnam Buddhist Sangha. A significant center for Buddhist activities in the northern region.,Ha Noi
Hong Phuc Tu - Hoe Nhai Pagoda,"19 Hang Than Street, Truc Bach Ward, Ba Dinh District",4.5,Shrines/Temples,"An ancient Buddhist pagoda, also known as Hoe Nhai Pagoda. Famous for a 17th-century statue depicting a kneeling king (Emperor Le Hy Tong).",Ha Noi
Ba Da Pagoda,"3 Nha Tho Street, Hang Trong Ward, Hoan Kiem District",4.5,Shrines/Temples,"An ancient pagoda located near St. Joseph's Cathedral, originally built in the 11th century. A quiet place of worship in the city center.",Ha Noi
Lang Pagoda,"116 Chua Lang Street, Lang Thuong Ward, Dong Da District",4.6,Shrines/Temples,"A large Buddhist temple complex, also known as Chieu Thien Tu. Dedicated to Tu Dao Hanh, a prominent monk from the Ly Dynasty.",Ha Noi
The Marble Mountains,"81 Huyen Tran Cong Chua Street, Hoa Hai Ward, Ngu Hanh Son District",4.3,Shrines/Temples,"A cluster of five marble and limestone hills, home to caves, grottoes, and Buddhist sanctuaries.",Da Nang
Da Nang Museum of Cham Sculpture,"02 2 Thang 9 Street, Binh Hien Ward, Hai Chau District",4.2,Museums,"A museum displaying the world's largest collection of Cham sculpture, dating from the 7th to the 15th centuries.",Da Nang
Dragon Bridge,"Dragon Bridge, An Hai Ward, Son Tra District",4.5,Landmarks,"A modern bridge over the Han River, famous for its dragon shape. It breathes fire and spouts water on weekend nights.",Da Nang
3D Museum Art in paradise Da Nang,"Lot 10, Tran Nhan Tong Street, Tho Quang Ward, Son Tra District",4.4,Museums,"An interactive 3D art museum with optical illusion paintings, allowing visitors to pose and become part of the artwork.",Da Nang
Ban Co Peak,"Ban Co Peak, Tho Quang Ward, Son Tra District",4.6,Landmarks,"A scenic viewpoint on Son Tra Peninsula, featuring a large statue of a deity playing chess. Offers panoramic views of Da Nang city.",Da Nang
Golden Bridge,Hoa Vang District,4.6,Landmarks,"A famous pedestrian bridge in the Ba Na Hills resort, held up by two giant stone hands. Offers stunning mountain views.",Da Nang
Sun Wheel,"1 Phan Dang Luu Street, Hoa Cuong Bac Ward, Hai Chau District",4.5,Landmarks,"A large Ferris wheel located in Asia Park, offering panoramic views of Da Nang city, the Han River, and the surrounding area.",Da Nang
Han River Bridge Viewpoint,Hai Chau District,4.5,Landmarks,"A popular spot to watch the Han River Bridge, a swing bridge that rotates on its axis at night to allow shipping to pass.",Da Nang
Ba Na Hills,"An Son Hamlet, Hoa Vang District",4.4,Landmarks,"A mountaintop resort complex accessible by cable car. Features the Golden Bridge, a French-themed village, and amusement park rides.",Da Nang
Vong Canh Pavilion,"Vong Canh Pavilion, Tho Quang Ward, Son Tra District",4.5,Landmarks,"A scenic viewpoint on Son Tra Peninsula, offering beautiful views of the sea and coastline.",Da Nang
Lady Buddha,"Linh Ung Pagoda, Hoang Sa Street, Tho Quang Ward, Son Tra District",4.7,Shrines/Temples,"A 67-meter tall statue of the Goddess of Mercy, located at the Linh Ung Pagoda on Son Tra Peninsula, overlooking the sea.",Da Nang
Ho Chi Minh Museum,"01 Duy Tan Street, Hoa Cuong Bac Ward, Hai Chau District",4.3,Museums,A museum dedicated to the life and career of Ho Chi Minh. This branch focuses on his connection to Military Zone 5.,Da Nang
Da Nang Fresco Village,"75 Nguyen Van Linh Street, Phuoc Ninh Ward, Hai Chau District",4,Landmarks,"An alleyway decorated with vibrant murals and fresco paintings, depicting local life and culture.",Da Nang
Da Nang Food Tour,"4 Tran Quoc Toan Street, Phuoc Ninh Ward, Hai Chau District",4.5,Landmarks,A guided tour service that takes visitors to sample a variety of local street food and dishes in Da Nang.,Da Nang
Phap Lam Pagoda,"574 Ong Ich Khiem Street, Phuoc Ninh Ward, Hai Chau District",4.6,Shrines/Temples,"A large, two-story Buddhist pagoda in the city center, known for its peaceful atmosphere, gardens, and an impressive seated Buddha statue.",Da Nang
Statue of Mother Au Co,"Pham Van Dong Street, An Hai Bac Ward, Son Tra District",4.5,Landmarks,"A statue located in a park, depicting the mythical 'Great Mother' of all Vietnamese people, Au Co.",Da Nang
Phuoc My Beach,"Vo Nguyen Giap Street, Phuoc My Ward, Son Tra District",4.7,Landmarks,"A popular section of Da Nang's long coastline, known for its white sand, clear water, and various water sports.",Da Nang
Thuy Son (Water Mountain),"Thuy Son, Hoa Hai Ward, Ngu Hanh Son District",4.6,Shrines/Temples,"The largest and most famous of the five Marble Mountains (Hon Thuy Son), known as 'Water Mountain'. It features numerous caves, pagodas, and viewpoints.",Da Nang
Sculpture Tunnel,"Ward 4, Da Lat, Lam Dong",4.2,Museums,A long clay tunnel featuring intricate sculptures depicting the history and culture of Da Lat.,Da Lat
Valley Of Love,"3-5-7 Mai Anh Dao Street, Ward 8, Da Lat, Lam Dong",4.4,Landmarks,"A romantic-themed park surrounding a large lake, featuring flower gardens, statues, and activities.",Da Lat
Lam Vien Square,"Tran Quoc Toan Street, Ward 1, Da Lat, Lam Dong",4.5,Landmarks,"The central square of Da Lat, famous for its two large glass structures resembling a wild sunflower and an artichoke bud.",Da Lat
Cam Ly Waterfall,"8b Hoang Van Thu Street, Ward 5, Da Lat, Lam Dong",3.1,Landmarks,"A waterfall located near the city center, though its popularity has declined due to pollution.",Da Lat
Bao Dai Palace 3,"1 Trieu Viet Vuong Street, Ward 4, Da Lat, Lam Dong",4.2,Museums,"The summer palace of Bao Dai, the last emperor of Vietnam, preserved as a museum with its original furnishings.",Da Lat
Datanla Waterfall Tourist Area,"National Highway 20, Prenn Pass, Ward 3, Da Lat, Lam Dong",4.4,Landmarks,"A popular waterfall complex, famous for its alpine coaster ride through the forest to the base of the falls.",Da Lat
Dalat Cable Car Tourist Area,"Robin Hill, Ward 3, Da Lat, Lam Dong",4.4,Landmarks,"A scenic cable car route that connects Robin Hill to the Truc Lam Zen Monastery, offering panoramic views of the city and pine forests.",Da Lat
Cu Lan Village,"DT722, Lat Commune, Lac Duong District, Lam Dong",4.6,Landmarks,"An ethnic-themed eco-tourism village nestled in a forest, offering cultural activities, jeep rides, and views of Cu Lan (slow loris).",Da Lat
Linh Son Pagoda,"120 Nguyen Van Troi Street, Ward 2, Da Lat, Lam Dong",4.5,Shrines/Temples,"A peaceful Buddhist pagoda in the city center, known for its elegant architecture and serene gardens.",Da Lat
Domaine de Marie,"1 Ngo Quyen Street, Ward 6, Da Lat, Lam Dong",4.6,Shrines/Temples,"A pink, French-colonial style convent and church, known for its unique architecture and shop selling items made by local orphans.",Da Lat
Prenn Waterfall,"National Highway 20, Prenn Pass, Ward 3, Da Lat, Lam Dong",3.7,Landmarks,"A large, scenic waterfall located at the entrance to Da Lat, set within a tourist park featuring elephant rides and a small cable car.",Da Lat
Dalat City Flower Garden,"02 Tran Nhan Tong Street, Ward 8, Da Lat, Lam Dong",4.2,Landmarks,"A large park showcasing a vast collection of flowers and plants, including orchids, roses, and hydrangeas.",Da Lat
St. Nicholas Cathedral of Da Lat,"15 Tran Phu Street, Ward 3, Da Lat, Lam Dong",4.6,Shrines/Temples,"The main Catholic cathedral of Da Lat, famous for its neo-Romanesque style and the rooster on its steeple.",Da Lat
Mong Mo Hill Tourist Area,"5 Mai Anh Dao Street, Ward 8, Da Lat, Lam Dong",4.3,Landmarks,"'Dreamy Hill.' A romantic park with themed gardens, cultural shows, a 'miniature Great Wall,' and views of the Valley of Love.",Da Lat
Hydrangea Field,"Trai Mat Area, Ward 11, Da Lat, Lam Dong",4.2,Landmarks,"A large flower farm in the Trai Mat area, famous for its vast, picturesque fields of hydrangea flowers.",Da Lat
Van Hanh Zen Monastery,"39 Phu Dong Thien Vuong Street, Ward 8, Da Lat, Lam Dong",4.5,Shrines/Temples,A Buddhist monastery known for its 24-meter high golden statue of a seated Buddha (Sakyamuni Thich Ca).,Da Lat
Cao Dai Temple of Da Lat,"To Phuoc, Ward 11, Da Lat, Lam Dong",4.7,Shrines/Temples,"A local temple for Cao Dai (Caodaism), a Vietnamese religion that synthesizes elements from many faiths.",Da Lat
Crazy House - Hang Nga Villa,"03 Huynh Thuc Khang Street, Ward 4, Da Lat, Lam Dong",4.3,Landmarks,"An unconventional guesthouse and art gallery with a surreal, organic design, resembling a giant tree and fantasy landscape.",Da Lat
Hong Dalat Valley,"Van Thanh - Suoi Hon, Da Lat, Lam Dong",4.7,Landmarks,A large rose garden and flower nursery located in Van Thanh Flower Village.,Da Lat
Da Lat Market,"Nguyen Thi Minh Khai Street, Ward 1, Da Lat, Lam Dong",4.5,Landmarks,"The main central market, bustling with vendors selling local produce, flowers, and specialties. Famous for its lively night market.",Da Lat
Fresh Garden Dalat,"90B Van Thanh, Ward 5, Da Lat, Lam Dong",4.2,Landmarks,"A large, colorful tourist garden filled with flower arrangements, themed photo spots, and large-scale sculptures.",Da Lat
QUE Garden,"Van Thanh, Ward 5, Da Lat, Lam Dong",4.8,Landmarks,"A Japanese-themed garden and cafe, known for its collection of bonsai trees, koi pond, and tranquil atmosphere.",Da Lat
Yersin Park,"Yersin Park, Ward 1, Da Lat, Lam Dong",4.3,Landmarks,"A public park located near Xuan Huong Lake, named after the famous physician Alexandre Yersin, who founded Da Lat.",Da Lat
Light Park,"1 Ap Anh Sang Park, Nguyen Van Cu Street, Ward 1, Da Lat, Lam Dong",4,Landmarks,"A public park in the city center known for its fountain, landscaping, and evening lights.",Da Lat
Linh An Pagoda,"Ba Dinh, Nam Ban Town, Lam Ha District, Lam Dong",4.7,Shrines/Temples,"A large pagoda outside Da Lat, famous for its massive, 71-meter tall statue of Quan Yin (Bodhisattva of Mercy) and a giant laughing Buddha statue.",Da Lat
Cai Rang Floating Market,"An Binh Ward, Ninh Kieu District",4.1,Landmarks,"The largest and most famous floating market in the Mekong Delta, where locals trade fruits, vegetables, and goods from boats.",Can Tho 
Ninh Kieu Wharf,"106 Hai Ba Trung Street, Tan An Ward, Ninh Kieu District",4.4,Landmarks,"A scenic riverside park and boat pier in the center of Can Tho, popular for evening strolls, boat tours, and floating restaurants.",Can Tho 
Truc Lam Phuong Nam Zen Monastery,"Provincial Road 923, My Khanh Commune, Phong Dien District",4.6,Shrines/Temples,"The largest Zen monastery in the Mekong Delta, known for its grand, traditional Vietnamese Buddhist architecture.",Can Tho 
My Khanh Tourist Village,"335 My Nhon Hamlet, My Khanh Commune, Phong Dien District",4,Landmarks,"An eco-tourism village offering a glimpse of rural Mekong Delta life, with fruit orchards, folk games, and a small zoo.",Can Tho 
Can Tho Museum,"1 Hoa Binh Avenue, Tan An Ward, Ninh Kieu District",4.2,Museums,"A large museum showcasing the history, culture, and achievements of Can Tho city and the surrounding Mekong Delta region.",Can Tho 
Hung King Temple,"Vo Van Kiet Street, Binh Thuy Ward, Binh Thuy District",4.6,Shrines/Temples,"A newly built, large-scale temple complex dedicated to the Hung Kings, the legendary founders of Vietnam.",Can Tho 
Can Tho Love Bridge,"Ninh Kieu Pedestrian Bridge, Tan An Ward, Ninh Kieu District",4.6,Landmarks,"A pedestrian bridge near Ninh Kieu Wharf, famous for its colorful evening lights and 'love locks' left by couples.",Can Tho 
Can Tho Market,"136 Hai Ba Trung Street, Tan An Ward, Ninh Kieu District",4.2,Landmarks,"The main indoor market in Can Tho, located in a historic building. Sells fresh produce, local goods, and souvenirs.",Can Tho 
Binh Thuy ancient house,"144 Bui Huu Nghia Street, Binh Thuy Ward, Binh Thuy District",4,Museums,"A well-preserved 19th-century house (Nha Co Binh Thuy) blending French, Chinese, and Vietnamese architecture. Famous as a filming location for 'The Lover'.",Can Tho 
Linh Mekong Tour Can Tho,"14/32 Ly Tu Trong Street, Thoi Binh Ward, Ninh Kieu District",5,Landmarks,A highly-rated local tour operator specializing in floating market and Mekong Delta boat tours.,Can Tho 
Ong Pagoda (Quang Trieu Assembly Hall),"32 Hai Ba Trung Street, Tan An Ward, Ninh Kieu District",4.6,Shrines/Temples,"A vibrant 19th-century Chinese pagoda, notable for its intricate woodcarvings, colorful decorations, and incense coils.",Can Tho 
Mekong Delta River,"Hung Phu Ward, Ninh Kieu District",4.5,Landmarks,"A general reference to the Mekong River, which is the lifeblood of the region, encompassing the floating markets and islands.",Can Tho 
Military Zone 9 Museum,"6 Hoa Binh Avenue, Tan An Ward, Ninh Kieu District",4.4,Museums,"A museum displaying artifacts, weapons, and vehicles from the Vietnam War, focusing on the military history of the Mekong Delta (Military Region 9).",Can Tho 
Relic Park Plums,"Ta Thi Phi Street, An Binh Ward, Binh Thuy District",4.2,Landmarks,"A local eco-garden or orchard where visitors can see and pick plum fruits, popular during the harvest season.",Can Tho 
Bang Lang Stork Sanctuary,"Thuan An Ward, Thot Not District",3.8,Landmarks,"A large bird sanctuary (Vuon Co Bang Lang) where thousands of storks, herons, and other birds gather, best viewed at dawn or dusk.",Can Tho 
Museum of Tarot,"44 Nguyen Khuyen Street, Tan An Ward, Ninh Kieu District",4.6,Museums,"A unique museum dedicated to the history, art, and symbolism of Tarot cards from around the world.",Can Tho 
Muniransay Khmer Buddhist Temple,"36 Hoa Binh Avenue, Tan An Ward, Ninh Kieu District",4.4,Shrines/Temples,"A prominent Khmer Buddhist temple (Wat Munirangsay) in the city center, known for its vibrant, ornate Theravada architecture.",Can Tho 
Tuan Tuong Eco-Garden,"693 Nhon Loc 1A Hamlet, Phong Dien Town, Phong Dien District",4.6,Landmarks,"A local eco-garden and restaurant in Phong Dien, offering fresh fruit, local cuisine, and a tranquil, rural atmosphere.",Can Tho 
Ho Chi Minh Monument,"24 Hai Ba Trung Street, Tan An Ward, Ninh Kieu District",4.6,Landmarks,"A large bronze statue of Ho Chi Minh located at Ninh Kieu Wharf, a major city landmark.",Can Tho 
Poet Phan Van Tri's Tomb Historical Site,"Phong Dien Town, Phong Dien District",4.3,Museums,"A historical site and tomb dedicated to Phan Van Tri, a prominent 19th-century patriotic poet.",Can Tho 
Ngoc Huong My Khanh Dragon Fruit Garden,"37, Group 15, My Nhon Hamlet, My Khanh Commune, Phong Dien District",4.8,Landmarks,"A local farm specializing in growing dragon fruit, open to visitors for tours and tasting.",Can Tho 
Cai Rang Floating Market,"An Binh Ward, Ninh Kieu District",4.1,Landmarks,"The largest and most famous floating market in the Mekong Delta, where locals trade fruits, vegetables, and goods from boats.",Can Tho 
Ninh Kieu Wharf,"106 Hai Ba Trung Street, Tan An Ward, Ninh Kieu District",4.4,Landmarks,"A scenic riverside park and boat pier in the center of Can Tho, popular for evening strolls, boat tours, and floating restaurants.",Can Tho 
Truc Lam Phuong Nam Zen Monastery,"Provincial Road 923, My Khanh Commune, Phong Dien District",4.6,Shrines/Temples,"The largest Zen monastery in the Mekong Delta, known for its grand, traditional Vietnamese Buddhist architecture.",Can Tho 
My Khanh Tourist Village,"335 My Nhon Hamlet, My Khanh Commune, Phong Dien District",4,Landmarks,"An eco-tourism village offering a glimpse of rural Mekong Delta life, with fruit orchards, folk games, and a small zoo.",Can Tho 
Can Tho Museum,"1 Hoa Binh Avenue, Tan An Ward, Ninh Kieu District",4.2,Museums,"A large museum showcasing the history, culture, and achievements of Can Tho city and the surrounding Mekong Delta region.",Can Tho 
Hung King Temple,"Vo Van Kiet Street, Binh Thuy Ward, Binh Thuy District",4.6,Shrines/Temples,"A newly built, large-scale temple complex dedicated to the Hung Kings, the legendary founders of Vietnam.",Can Tho 
Can Tho Love Bridge,"Ninh Kieu Pedestrian Bridge, Tan An Ward, Ninh Kieu District",4.6,Landmarks,"A pedestrian bridge near Ninh Kieu Wharf, famous for its colorful evening lights and 'love locks' left by couples.",Can Tho 
Can Tho Market,"136 Hai Ba Trung Street, Tan An Ward, Ninh Kieu District",4.2,Landmarks,"The main indoor market in Can Tho, located in a historic building. Sells fresh produce, local goods, and souvenirs.",Can Tho 
Binh Thuy ancient house,"144 Bui Huu Nghia Street, Binh Thuy Ward, Binh Thuy District",4,Museums,"A well-preserved 19th-century house (Nha Co Binh Thuy) blending French, Chinese, and Vietnamese architecture. Famous as a filming location for 'The Lover'.",Can Tho 
Ong Pagoda (Quang Trieu Assembly Hall),"32 Hai Ba Trung Street, Tan An Ward, Ninh Kieu District",4.6,Shrines/Temples,"A vibrant 19th-century Chinese pagoda, notable for its intricate woodcarvings, colorful decorations, and incense coils.",Can Tho 
Mekong Delta River,"Hung Phu Ward, Ninh Kieu District",4.5,Landmarks,"A general reference to the Mekong River, which is the lifeblood of the region, encompassing the floating markets and islands.",Can Tho 
Military Zone 9 Museum,"6 Hoa Binh Avenue, Tan An Ward, Ninh Kieu District",4.4,Museums,"A museum displaying artifacts, weapons, and vehicles from the Vietnam War, focusing on the military history of the Mekong Delta (Military Region 9).",Can Tho 
Relic Park Plums,"Ta Thi Phi Street, An Binh Ward, Binh Thuy District",4.2,Landmarks,"A local eco-garden or orchard where visitors can see and pick plum fruits, popular during the harvest season.",Can Tho 
Bang Lang Stork Sanctuary,"Thuan An Ward, Thot Not District",3.8,Landmarks,"A large bird sanctuary (Vuon Co Bang Lang) where thousands of storks, herons, and other birds gather, best viewed at dawn or dusk.",Can Tho 
Museum of Tarot,"44 Nguyen Khuyen Street, Tan An Ward, Ninh Kieu District",4.6,Museums,"A unique museum dedicated to the history, art, and symbolism of Tarot cards from around the world.",Can Tho 
Muniransay Khmer Buddhist Temple,"36 Hoa Binh Avenue, Tan An Ward, Ninh Kieu District",4.4,Shrines/Temples,"A prominent Khmer Buddhist temple (Wat Munirangsay) in the city center, known for its vibrant, ornate Theravada architecture.",Can Tho 
Ho Chi Minh Monument,"24 Hai Ba Trung Street, Tan An Ward, Ninh Kieu District",4.6,Landmarks,"A large bronze statue of Ho Chi Minh located at Ninh Kieu Wharf, a major city landmark.",Can Tho 
Poet Phan Van Tri's Tomb Historical Site,"Phong Dien Town, Phong Dien District",4.3,Museums,"A historical site and tomb dedicated to Phan Van Tri, a prominent 19th-century patriotic poet.",Can Tho 
Ngoc Huong My Khanh Dragon Fruit Garden,"37, Group 15, My Nhon Hamlet, My Khanh Commune, Phong Dien District",4.8,Landmarks,"A local farm specializing in growing dragon fruit, open to visitors for tours and tasting.",Can Tho 
Quang Ninh Gate Tourist Attraction,"Noi Bai - Ha Long Expressway, Binh Duong, Dong Trieu, Quang Ninh",4,Landmarks,"A large rest stop and tourist complex on the expressway, designed as a gateway to Quang Ninh province with shops and services.",Quang Ninh
Thien Cung Cave,"Ha Long Bay, Ha Long City, Quang Ninh",4.8,Landmarks,"'Heavenly Palace Cave.' A large cave on Dau Go Island in Ha Long Bay, famous for its magnificent stalactites and stalagmites.",Quang Ninh
Dau Go Cave,"Cat Hai, Hai Phong",4.5,Landmarks,"'Wooden Stakes Cave.' A large cave on Dau Go Island, near Thien Cung, historically linked to General Tran Hung Dao's victory at the Battle of Bach Dang.",Quang Ninh
Cai Bau Pagoda,"Hamlet 1, Van Don, Quang Ninh",4.6,Shrines/Temples,"Also known as Truc Lam Giac Tam Zen Monastery, this is a large, scenic pagoda complex in Van Don overlooking Bai Tu Long Bay.",Quang Ninh
Bai Tho Mountain,"Hang Noi, Hong Gai Ward, Ha Long, Quang Ninh",4.2,Landmarks,"'Poem Mountain.' A limestone mountain in Ha Long City, famous for a 15th-century poem carved by King Le Thanh Tong. Offers panoramic bay views.",Quang Ninh
Old Bai Chay Lighthouse,"2 Ha Long Street, Bai Chay Ward, Ha Long, Quang Ninh",4.4,Landmarks,"A historic lighthouse, now a popular photo spot, offering views of the Bai Chay Bridge and Ha Long Bay.",Quang Ninh
Thanh Dang Mountain,"Thanh Son Ward, Uong Bi City, Quang Ninh",4.9,Landmarks,"A mountain in Uong Bi, part of the Yen Tu range. It is the location of the famous Ba Vang Pagoda.",Quang Ninh
Yen Tu Mountain,"Thuong Yen Cong Commune, Uong Bi City, Quang Ninh",4.5,Shrines/Temples,"A sacred Buddhist mountain range, the cradle of Truc Lam Zen Buddhism, featuring a complex of pagodas and temples accessible by cable car.",Quang Ninh
Ba Vang Pagoda,"Group 17B, Area 5A, Quang Trung Ward, Uong Bi City, Quang Ninh",4.5,Shrines/Temples,"A large, well-known Buddhist pagoda complex located on Thanh Dang Mountain, attracting many pilgrims.",Quang Ninh
Khe Van Waterfall,"Huc Dong Commune, Binh Lieu District, Quang Ninh",4.3,Landmarks,"A scenic, multi-tiered waterfall in the mountainous Binh Lieu District, a popular destination for trekking and nature lovers.",Quang Ninh
Man Mountain,"Thong Nhat Commune, Hoanh Bo, Quang Ninh",4.3,Landmarks,"A mountain in the Hoanh Bo area (now part of Ha Long City), offering natural scenery and hiking opportunities.",Quang Ninh
Sun World Halong Park,"9 Ha Long Street, Bai Chay Ward, Ha Long, Quang Ninh",4.4,Landmarks,"A large amusement park complex featuring the Queen Cable Car, Sun Wheel, Zen Garden, and a dragon-themed park.",Quang Ninh
Sung Sot Cave,"Ha Long Bay, Ha Long City, Quang Ninh",4.5,Landmarks,"'Surprise Cave.' One of the largest and most famous caves in Ha Long Bay, located on Bo Hon Island, featuring three large chambers.",Quang Ninh
Sun Marina Ha Long,"Ke Quan, Tuan Chau Ward, Ha Long, Quang Ninh",4.7,Landmarks,"A modern, large-scale international marina and harbor for tourist cruises and yachts, located on Tuan Chau Island.",Quang Ninh
An Sinh Temple,"An Sinh Commune, Dong Trieu, Quang Ninh",4.4,Shrines/Temples,"A historical temple in Dong Trieu, part of a complex dedicated to the kings and ancestors of the Tran Dynasty.",Quang Ninh
Cai Chien Island,"Cai Chien Commune, Hai Ha District, Quang Ninh",4.2,Landmarks,"A remote island known for its pristine beaches, clear waters, and developing eco-tourism, offering a peaceful getaway.",Quang Ninh
Halong View Tower,"Bai Chay Ward, Ha Long City, Quang Ninh",4.3,Landmarks,"Likely referring to the Sun Wheel, a large Ferris wheel in the Sun World complex that functions as an observation tower.",Quang Ninh
Lang Cang Waterfall,"Don Dac Commune, Ba Che District, Quang Ninh",4.2,Landmarks,"A natural waterfall in the remote Ba Che District, known for its scenic beauty in the middle of a forest.",Quang Ninh
Zen Garden,"Dang Ba Hat Street, Hong Gai Ward, Ha Long, Quang Ninh",4.4,Landmarks,"A Japanese-style garden located on Ba Deo Hill within the Sun World Halong Park complex, accessible via the Queen Cable Car.",Quang Ninh
Mo Waterfall - Dong Trieu,"Dong Trieu Town, Quang Ninh",4.5,Landmarks,"'Dream Waterfall.' A scenic natural waterfall in Dong Trieu, a popular local spot for picnics and swimming.",Quang Ninh
Tay Yen Tu Tourist Area,"Tay Yen Tu, Son Dong District, Bac Giang",4.5,Shrines/Temples,"The 'West Yen Tu' spiritual and eco-tourism complex, located on the Bac Giang side of the Yen Tu mountain range, with temples and a cable car.",Quang Ninh
Ba Tang Mountain,"Bac Son Ward, Uong Bi City, Quang Ninh",4.6,Landmarks,"'Three-Tiered Mountain.' A scenic mountain in Uong Bi, part of the Yen Tu range, offering natural landscapes.",Quang Ninh
Cat Cat Tourism Village,"Cat Cat Hamlet, Sa Pa",4.1,Landmarks,"A H'mong ethnic village known for its traditional crafts, rice terraces, and a scenic waterfall. A popular trekking destination.",Sapa
Sapa Lake Square,"Xuan Vien Street, Sa Pa Town",4.6,Landmarks,"A central public space located next to Sapa Lake, a popular spot for strolling, relaxing, and local events.",Sapa
Sapa Square,"Thach Son Street, Sa Pa Town",4.5,Landmarks,"The main town square of Sa Pa, located in front of the Stone Church. A major hub for tourists and local activities.",Sapa
Moana Sapa,"68 Violet Street, Cau May Ward, Sa Pa",4.2,Landmarks,"A large outdoor photo attraction complex featuring elaborate statues (like a giant hand), a 'sky gate', and panoramic valley views.",Sapa
Sapa Park,"Thach Son Street, Sa Pa Town",4.2,Landmarks,"A public park in the town center, featuring gardens, a small lake, and recreational space for locals and tourists.",Sapa
Ham Rong Sa Pa Eco-Tourism Area,"Ham Rong Street, Sa Pa Town",4.3,Landmarks,"A mountain park behind the Stone Church, featuring flower gardens, viewpoints like 'Cloud Yard', and unique rock formations.",Sapa
Hang Pho Temple,"32 Fansipan Street, Sa Pa Town",4.6,Shrines/Temples,"A local temple in Sa Pa town, serving the spiritual needs of the community.",Sapa
Sa Pa Stone Church,"Ham Rong Street, Sa Pa Town",4.4,Shrines/Temples,"An iconic neo-Gothic Catholic church in the town center, built by the French in the early 20th century. A major landmark.",Sapa
Sa Pa Sha,Sa Pa,4.8,Landmarks,"A check-in spot or cafe with views, as indicated by its name and high rating.",Sapa
Silver Waterfall Sa Pa,"San Sa Ho Commune, Sa Pa",4.2,Landmarks,"A tall, powerful waterfall located on National Highway 4D, a popular stop on the way to O Quy Ho Pass.",Sapa
Sapa Ancient Rose Garden,"Sa Pa Commune, Sa Pa",4.3,Landmarks,"A large garden specializing in growing various species of ancient and climbing roses, a popular spot for flower lovers.",Sapa
Ta Phin Ancient Monastery,"Ta Phin Commune, Sa Pa",4.1,Shrines/Temples,"The atmospheric ruins of a French Catholic monastery and convent, abandoned since the 1940s, located near Ta Phin village.",Sapa
Sky Gate of O Quy Ho,"Son Binh Commune, Sa Pa",4.4,Landmarks,"A scenic viewpoint at the peak of O Quy Ho Pass, one of Vietnam's highest mountain passes, offering vast views.",Sapa
Sapa Green Valley,"National Highway 4D, Sa Pa Commune, Sa Pa",4.4,Landmarks,"A scenic spot or resort located along the main highway, highlighting the green valleys of the region.",Sapa
Sapa Ancient Stone Gallery,"Muong Hoa Commune, Sa Pa",4,Museums,An archaeological site in Muong Hoa Valley featuring large boulders with ancient petroglyphs carved by unknown prehistoric inhabitants.,Sapa
Muong Hoa Stream,"Ta Van Commune, Sa Pa",4.7,Landmarks,"A scenic stream that flows through the Muong Hoa Valley, alongside rice terraces and ethnic minority villages.",Sapa
Ansapa Village,"51 Thanh Cong Street, Sa Pa Town",4.1,Landmarks,"A restaurant or guesthouse in Sapa town, offering local ethnic cuisine and hospitality.",Sapa
Ta Phin Village - SaPa,"Ta Phin Commune, Sa Pa",4.3,Landmarks,"A village inhabited by the Red Dao ethnic group, famous for its intricate brocade embroidery and traditional herbal baths.",Sapa
Sa Pa Night Market,"Luong Dinh Cua Street, Sa Pa Commune, Sa Pa",4.1,Landmarks,"A bustling market open in the evenings, where visitors can buy local souvenirs, handicrafts, and sample Sapa street food.",Sapa
Hoi An ancient town,"94 Bach Dang Street, Minh An Ward, Hoi An",4.7,Landmarks,"A UNESCO World Heritage site, a well-preserved example of a Southeast Asian trading port from the 15th to 19th centuries.",Hoi An
Quan Thang Ancient House,"77 Tran Phu Street, Minh An Ward, Hoi An",4.3,Museums,"A 18th-century merchant's house, showcasing rich Chinese architectural influences and intricate wood carvings.",Hoi An
Hoi An Market,"19 Tran Phu Street, Cam Chau Ward, Hoi An",4.4,Landmarks,"The main market of Hoi An, bustling with vendors selling fresh produce, local food, silk, and souvenirs.",Hoi An
The Old House of Phung Hung,"4 Nguyen Thi Minh Khai Street, Minh An Ward, Hoi An",3.7,Museums,"A historic 18th-century merchant's house, blending Vietnamese, Japanese, and Chinese architectural styles.",Hoi An
Silk Village Hoi An - The Tourist,"28 Nguyen Tat Thanh Street, Tan An Ward, Hoi An",4.3,Landmarks,"A tourist complex showcasing the traditional silk-making process, from silkworms to weaving, with gardens and a showroom.",Hoi An
Hoi An Memories Land,"Con Hen, 200 Nguyen Tri Phuong, Cam Chau Ward, Hoi An",4.6,Landmarks,"The location of the 'Hoi An Memories' cultural show, featuring an outdoor stage, themed village, and performances.",Hoi An
VinWonders Nam Hoi An,"Vo Chi Cong Street, Binh Duong Commune, Thang Binh District",4.9,Landmarks,"A large amusement park and entertainment complex, featuring rides, a water park, and a 'River Safari'.",Hoi An
Museum of Folk Culture,"33 Nguyen Thai Hoc Street, Minh An Ward, Hoi An",4.3,Museums,"A museum in a historic house, displaying artifacts related to the folk culture and traditions of Hoi An's residents.",Hoi An
Hoi An Night Market,"Nguyen Hoang Street, Minh An Ward, Hoi An",4.4,Landmarks,"A lively market on An Hoi Island, famous for its colorful lanterns, street food, and souvenir stalls.",Hoi An
An Bang Beach,"Hai Ba Trung Street, Hoi An",4.3,Landmarks,"A popular beach near Hoi An, known for its soft sand, clear water, and beachfront restaurants.",Hoi An
Old House of Tan Ky,"101 Nguyen Thai Hoc Street, Minh An Ward, Hoi An",4.2,Museums,"A UNESCO-recognized 18th-century merchant's house, perfectly preserved and blending multiple architectural styles.",Hoi An
Memories of Hoi An,"94 Huyen Tran Cong Chua Street, Cam Chau Ward, Hoi An",4.6,Landmarks,"The 'Hoi An Memories' cultural show, an outdoor spectacle on an island in the Hoai River.",Hoi An
Kim Bong Carpentry Village,"Cam Kim, Hoi An City",4.6,Landmarks,"A traditional craft village on Cam Kim island, renowned for its skilled woodcarvers and carpenters.",Hoi An
Hoi An sculpture promenade,"An Hoi Ward, Hoi An",4,Landmarks,"A path along the Hoai River on An Hoi island, featuring various sculptures and art installations.",Hoi An
Cam Pho Communal House,"52 Nguyen Thi Minh Khai Street, Minh An Ward, Hoi An",4.2,Shrines/Temples,"A historic communal house (Ðình), a place of worship and community meetings, typical of Vietnamese villages.",Hoi An
Japanese Covered-Bridge,"Nguyen Thi Minh Khai Street, Minh An Ward, Hoi An",4.3,Landmarks,"The iconic 18th-century bridge and temple, a symbol of Hoi An, built by the Japanese community.",Hoi An
Thanh Ha Pottery Village,"Pham Phan Street, Thanh Ha Ward, Hoi An",4.3,Landmarks,"A traditional craft village dating back over 500 years, known for its clay pottery and terracotta products.",Hoi An
Hoai River in Hoi An Old Town,"An Hoi Ward, Hoi An",4.6,Landmarks,"The scenic river that flows through Hoi An, central to the town's life and lantern-lit evenings.",Hoi An
Cua Dai Beach,"Cua Dai Ward, Hoi An",4.5,Landmarks,"A long sandy beach near Hoi An, once very popular, though it has experienced significant coastal erosion.",Hoi An
The Center for Culture and Sports of Hoi An city,"01 Cao Hong Lanh Street, Hoi An",4,Landmarks,"A government building and venue for local cultural events, sports, and community activities.",Hoi An
Old Town Sunset View Point,"Tran Hung Dao Street, Cam Pho Ward, Hoi An",4.5,Landmarks,"A scenic spot, likely on a rooftop or by the river, offering a good view of the sunset over the ancient town.",Hoi An
Hue Imperial City,"Phu Hau Ward, Hue",4.5,Landmarks,"A UNESCO World Heritage site, this walled fortress and palace was the capital of the Nguyen Dynasty. ",Hue
Hue Historic Citadel,Hue,4.5,Landmarks,"The outer, fortified wall of the Imperial City, encompassing the main palaces and residential areas.",Hue
Hue Walking Street,"Vo Thi Sau Street, Phu Hoi Ward, Hue",4.4,Landmarks,"A vibrant pedestrian area known for its nightlife, street food, bars, and shops.",Hue
Thien Mu Pagoda,"Huong Hoa Ward, Hue",4.5,Shrines/Temples,"'Pagoda of the Celestial Lady.' An iconic seven-story pagoda, the tallest in Vietnam, overlooking the Perfume River.",Hue
Mausoleum of Emperor Tu Duc,"Thuong Ba Hamlet, Thuy Xuan Ward, Hue",4.5,Shrines/Temples,"A serene and expansive tomb complex for Emperor Tu Duc, featuring a lake, pavilions, and pine forest.",Hue
Dien Tho Palace,"75 Le Huan Street, Phu Hau Ward, Hue",4.5,Landmarks,"'Palace of Longevity.' A residence within the Imperial City, built for the Queen Mothers of the Nguyen Dynasty.",Hue
Hue Western Quarter,"29 Chu Van An Street, Phu Hoi Ward, Hue",4.5,Landmarks,"The foreigner-friendly neighborhood, home to many hostels, bars, and restaurants.",Hue
Mausoleum of Emperor Khai Dinh,"Chau Chu Mountain, Thuy Bang Commune, Huong Thuy Town",4.5,Shrines/Temples,"A unique tomb blending Vietnamese and European (Baroque) architectural styles, known for its intricate mosaic interiors.",Hue
Royal Costumes,"72 Ong Ich Khiem Street, Thuan Hoa Ward, Hue",4.5,Museums,A popular shop or museum for renting and photographing in royal Nguyen Dynasty costumes.,Hue
An Hien Garden House,"58 Nguyen Phuc Nguyen Street, Huong Long Ward, Hue",4,Landmarks,"A traditional 19th-century garden house, showcasing classic Hue architecture and a peaceful garden.",Hue
Nine Holy Cannons,"Phu Hau Ward, Hue",4.5,Landmarks,"Located at the entrance of the Imperial City, these nine massive cannons are symbolic guardians of the citadel.",Hue
An Dinh Palace,"179 Phan Dinh Phung Street, Phu Nhuan Ward, Hue",4.5,Landmarks,"A 20th-century royal palace with French colonial architecture, once the private residence of Emperor Khai Dinh and King Bao Dai.",Hue
Tam Toa,"Tong Duy Tan Street, Phu Hau Ward, Hue",4.4,Shrines/Temples,"'The Three Courts.' A historic building in the Imperial City, associated with royal ceremonies, later becoming a Catholic church.",Hue
Temple of Literature,"Van Thanh Street, Long Ho Ward, Hue",4.4,Shrines/Temples,"A Confucian temple complex, similar to Hanoi's, dedicated to scholars and education.",Hue
Hue Museum of Royal Antiquities,"03 Le Truc Street, Phu Hau Ward, Hue",4.5,Museums,"Located within the Imperial City, this museum displays artifacts, furniture, and treasures from the Nguyen Dynasty.",Hue
Meteorological Tower,"Ong Ich Khiem Street, Thuan Hoa Ward, Hue",4.4,Landmarks,"An old observatory tower, part of the Imperial City complex, used for astronomical and meteorological observations.",Hue
Bao Vinh Ancient Town,"131 Bao Vinh, Huong Vang, Huong Tra Town",4.4,Landmarks,"A small, ancient port town near Hue, offering a glimpse of 19th-century architecture and a quieter atmosphere.",Hue
Tu Hieu Pagoda,"Duong Xuan Thuong III Village, Thuy Xuan Ward, Hue",4.8,Shrines/Temples,A historic Zen pagoda known for its tranquil forest setting and being the resting place of many imperial eunuchs.,Hue
Thuy Xuan Incense-making Village,"62 Huyen Tran Cong Chua Street, Thuy Xuan Ward, Hue",4.2,Landmarks,"A traditional craft village where residents make colorful, scented incense sticks. A popular spot for photos.",Hue
Ho Quyen,"373 Bui Thi Xuan Street, Phuong Duc Ward, Hue",4.1,Landmarks,'Tiger Arena.' A 19th-century arena where royal fights between elephants and tigers were staged for the monarchy.,Hue
Luong Dinh Pavilion,"Le Duan Street, Phu Thuan Ward, Hue",4.8,Landmarks,"A royal pavilion on the banks of the Perfume River, used by emperors as a resting place and to view boat races.",Hue
Tinh Tam Lake,"Thuan Thanh Ward, Hue",4.4,Landmarks,"'Lake of Serenity.' A large, historic lake within the Imperial City walls, once a royal garden, known for its lotus flowers.",Hue
Hon Chen Shrine,"Hai Cat Village, Huong Tra Town",4.4,Shrines/Temples,"A temple on a riverside cliff, dedicated to the goddess Po Nagar and the 'Mother Goddess' faith.",Hue
