name,address,ratings,category,description,location,image_url
War Remnants Museum,"Ward 6, District 3",4.5,Museums,"A museum documenting the Vietnam War through photographs, military artifacts, and historical exhibits.",Ho Chi Minh ,https://lh3.googleusercontent.com/gps-cs-s/AG0ilSxZTXtrwt3ziCAp0-NwaKbvUOGrpT9G0gGbvrxOjSSxaFH8CU9mxqgpcloiVej_tL5cVBnPj09fkGWnVJvMgRbp9LE_WYk8X5JtB7aT-giizAwMENUeRmIRC3a9zZ0RK0Y8VQtA=w32-h32-p-k-no
Independence Palace,"Ben Thanh Ward, District 1",4.5,Museums,A historic government building and iconic landmark where the Vietnam War officially ended in 1975.,Ho Chi Minh ,https://lh3.googleusercontent.com/gps-cs-s/AG0ilSwzAqWf33ZywBhjKbXl_4qOFpz4u0QzTOr3fEcIxab-3LQGvH7GT84NhW_AfraYKBpD7o6dl0wXBtTiyNVfM_3mMJpZ7VGA_lcjGlMIqgBkhMySRuur1ddXeX4G_tP1nYvz3KA=w32-h32-p-k-no
Notre Dame Cathedral of Saigon,"01 Paris Commune Square, Ben Nghe Ward, District 1",4.4,Landmarks,A French-built Roman Catholic cathedral known for its red bricks and twin bell towers.,Ho Chi Minh ,https://lh3.googleusercontent.com/gps-cs-s/AG0ilSwoyInDpDy4Q1hGuX-0WCMR3Ndq3cpnCaAX9z0Lzeyb3qmt-cmKmhP0ylYZFrNSFCvyZopBuYJ4NoquXXwew4tddwgTf6I0Y1IJaxHWzx0KcxFT5kZVpcvjRS-iqTejUEBhFDISsA=w32-h32-p-k-no
Ben Thanh Market,"Ben Thanh Ward, District 1",4.0,Landmarks,"A bustling central market offering souvenirs, local food, clothing, and handicrafts.",Ho Chi Minh ,https://lh3.googleusercontent.com/gps-cs-s/AG0ilSy1EHzewJG2F4xVQCpYdiuT-cxs1ceygLUV3I3kQDAIyjHXIPT-5z6ip39DZZeIjrhIwggBEEoYh9fMA1U1kmmLLH7B3QuzYjaEHDhEBqDwoLjGkprImGanlbzhJeEei7x2L_n1ocWbUbyQ=w32-h32-p-k-no
Saigon Opera House,"07 Lam Son Square, Ben Nghe Ward, District 1",4.6,Landmarks,A French colonial era opera house hosting cultural performances and special events.,Ho Chi Minh ,https://lh3.googleusercontent.com/gps-cs-s/AG0ilSzZk9NHdm01mgoVWkThsAy5uFhZDz1TKLh6C-zMg75_3_d5tL9Fc2wahzRTDhXHz0BHcGCjPSmWz0Jj-Aptvzlm7fESufVYdGf3OIAzvNmUaaEYXZALKC_3Zz6nTFD5o8WS0cMq=w32-h32-p-k-no
Bui Vien Walking Street,"Bui Vien Street, Pham Ngu Lao Ward, District 1",4.3,Landmarks,"A vibrant nightlife street filled with bars, restaurants, and entertainment venues.",Ho Chi Minh ,https://lh3.googleusercontent.com/gps-cs-s/AG0ilSwIkdu_NWKGXHzaAu1Ib6XKElmcOrgsxnZCr2Paqv4EHpoGDDsxiUzqw_39pDJ0vc9D85k3kZc5961l3l1FHCJC2XsDr7plb2L-zSO6skZeXzZL2IpEn5juSTL4j_NyKPRUHxBi=w32-h32-p-k-no
Tao Dan Park,"Ben Thanh Ward, District 1",4.5,Landmarks,"A peaceful green park ideal for walking, relaxing, and enjoying local cultural activities.",Ho Chi Minh ,https://lh3.googleusercontent.com/gps-cs-s/AG0ilSyH6tkQIyp2Sc-5-Odc5ldFZeyYBSf37IReZpDyTyuDXuZdPfPEFYfVRTd0AAa81LxM2FCG4fj0BRDDEh-CGRWj_A1xkq99VAUgw2CCBq7Dsz0pnx_wd6Qzg9b0wduxLycyF59YCQ=w32-h32-p-k-no
Ho Chi Minh City Book Street,"2 Nguyen Van Binh Street, Ben Nghe Ward, District 1",4.6,Landmarks,"A charming pedestrian street lined with bookstores, cafe, and cultural activities.",Ho Chi Minh ,
Saigon Zoo & Botanical Gardens,"2 Nguyen Binh Khiem Street, Ben Nghe Ward, District 1",4.3,Landmarks,"One of the oldest zoos in Asia, featuring animal exhibits and a botanical garden.",Ho Chi Minh ,https://lh3.googleusercontent.com/gps-cs-s/AG0ilSyIVOFoUxhu9ylvfL21VRdTh434I4LXQ4zKPqWIsmxfsY00aAvRx9LPxDNVHcEGsMH23YafqIvgxrPrHOZLeLyEiuKC1Pxoaq0Xim0eXZnfE3poBzT-uisEp6gNnvtCq8xecMY=w86-h114-k-no
Saigon Skydeck,"36 Ho Tung Mau Street, Ben Nghe Ward, District 1",4.4,Landmarks,An observation deck offering panoramic views of Ho Chi Minh City from Bitexco Tower.,Ho Chi Minh ,https://lh3.googleusercontent.com/gps-cs-s/AG0ilSy22RBVD9Eai0PckDtZfvGLeubIMjji0TU6o4ajh7B5z_DsyxRnRjSUGAMppH-d_TaZd8wE3b-b8BYc7ecA97ck8TJ_QZqDvS7uTcIPpih8BDDegXSC4SopVy8CAZFAbLmtL7KD=w32-h32-p-k-no
Thue Cung,"247/36/1 Lac Long Quan Street, Ward 3, District 11",4.3,Shrines/Temples,A local religious site known for worship activities and community gatherings.,Ho Chi Minh ,
Van Tho Buddhist Temple,"247 Hoang Sa Street, Tan Dinh Ward, District 1",4.5,Shrines/Temples,A peaceful Buddhist temple with traditional architecture and quiet surroundings.,Ho Chi Minh ,
Sri Thendayuthapani Temple,"66 Ton That Thiep Street, Ben Nghe Ward, District 1",4.2,Shrines/Temples,A colorful Hindu temple known for its intricate carvings and vibrant ceremonies.,Ho Chi Minh ,https://lh3.googleusercontent.com/gps-cs-s/AG0ilSyaOjMpkgy8R9SPRAl-B0xvv_MaayCaz3LgNv8mXRwTV1cOm1oBde07lJLipnPqxILiWegc8cIM9p2r_wrjGKTzsWxYzpMZSo8Ljg5mUlrx0siBv2rKR0O_I-a8iJLa4kCj37fo=w32-h32-p-k-no
Vinh Nghiem Buddhist Temple,"339 Nam Ky Khoi Nghia Street, Ward 7, District 3",4.6,Shrines/Temples,A large modern pagoda featuring a tall seven-story tower and peaceful courtyards.,Ho Chi Minh ,
Ong Bon Temple,"Ben Nghe Ward, District 1",4.8,Shrines/Temples,"An ancient temple dedicated to Ong Bon, the guardian deity of communities and merchants.",Ho Chi Minh ,https://lh3.googleusercontent.com/gps-cs-s/AG0ilSwqHUcGVG6GEqTPfNi40laf7FxTJs-eUZryGgQacBEbp7DR_8OhD3FQYF_7eG6Yo0bJsrGn9xfUWDuC01rfaj2vf2kIgYqAA5cP5GoLn49E23u-7LMUrNsI3QK7HkM0mjPeVVnqfw=w32-h32-p-k-no
Phung Son Buddhist Temple,"338 Nguyen Cong Tru Street, Nguyen Thai Binh Ward, District 1",4.6,Shrines/Temples,A historic pagoda known for its traditional southern Vietnamese architecture.,Ho Chi Minh ,https://lh3.googleusercontent.com/gps-cs-s/AG0ilSwP2y3fhI4FMEDcvPdK6Ku3S52bwXsiFWCR9XaBbNFzq5ey-2umxcbIp6VccuBmccpLzih73J0NC7qCWC6HnGHsrIe3dS2EdAh_Xpo8gfW79H2apUEHMidZaFFZV07Uyuoo4V6E=w32-h32-p-k-no
Pho Quang Pagoda,"21 Huynh Lan Khanh Street, Ward 2, Tan Binh District",4.7,Shrines/Temples,A spacious Buddhist pagoda with peaceful gardens and spiritual ceremonies.,Ho Chi Minh ,https://lh3.googleusercontent.com/gps-cs-s/AG0ilSxx9-YAtLs1-bQd98eS3r5-Lkxd9Fr__RLkeI7jYR5H34YngimDbEIZNtB2heWI6DWdm6WGMhoNclzYnlWkcqy1iVQa3GiZqJHlT9lys0vcj30nyXT07aAPILot5zyoJ7WGggge=w32-h32-p-k-no
Temple of Hung Kings,"2 Nguyen Binh Khiem Street, Ben Nghe Ward, District 1",4.3,Shrines/Temples,"A memorial temple honoring the ancient Hung Kings, founders of Vietnam.",Ho Chi Minh ,
Jade Emperor Pagoda,"73 Mai Thi Luu Street, Da Kao Ward, District 1",4.7,Shrines/Temples,A famous Taoist pagoda known for its intricate statues and sacred atmosphere.,Ho Chi Minh ,https://lh3.googleusercontent.com/gps-cs-s/AG0ilSz_CSHpoJuLK--ksvd3mJTFE8VnwOfH0n7haHnXXkeR2Qo5egGbSK3lSOSOcgQav2h-hpSreXiiyOdTk4hTMhnXTgbSW6WST-DrMnv8RALYSMFbki-6G2-JdczE5DZTc1CO81dWfg=w32-h32-p-k-no
Xa Loi Buddhist Temple,"89 Ba Huyen Thanh Quan Street, Vo Thi Sau Ward, District 3",4.6,Shrines/Temples,A significant Buddhist temple with a tall stupa and peaceful grounds.,Ho Chi Minh ,https://lh3.googleusercontent.com/gps-cs-s/AG0ilSxdrKSUvPTsuxf6bxTYemngkjryEpA9fYpeGFV0MyK8DH8mcYU8nIjHFW-MqZLX3om4Y8am9djhuDJRHBEYLK1a8IR6lXkuw26ViPIgQgKYdN6SXWCGoTOeyCbPKuz9WzUfRP0i=w32-h32-p-k-no
Minh Dao Buddhist Temple,"3 Ky Dong Street, Ward 9, District 3",4.6,Shrines/Temples,A modern Buddhist temple known for serene worship spaces and community activities.,Ho Chi Minh ,https://lh3.googleusercontent.com/gps-cs-s/AG0ilSwhC4z-_KnVvfwg9LECo8g4BZumow3exQF83Hr9LJelS0YtDR08jCazHMjfm-nfuuxC0e0rLGnheGqvDUZIf4QFbZewu8ddqSXurkROAYKA5MB6fEhTNpvBEklGv3ZEL2vtpvxo=w32-h32-p-k-no
Vietnamese National Buddhist Temple,"244 3 Thang 2 Street, Ward 12, District 10",4.7,Shrines/Temples,A major national Buddhist center with large statues and spacious courtyards.,Ho Chi Minh ,https://lh3.googleusercontent.com/gps-cs-s/AG0ilSxiUuMkRvHoIHpvDwJct2cN-LslJ8bQNdgLjXs-3nLFOpfLofV--yobZ9dpBwqbRwJV046S_yIb15UnGKenCV5K_kIh_dHgZVZl7S-7P5_F3rM2qwQcJp5ucGwSdgbJ9N9dF4ei=w32-h32-p-k-no
Tran Hung Dao Holy Temple,"36 Vo Thi Sau Street, Tan Dinh Ward, District 1",4.6,Shrines/Temples,A sacred temple dedicated to national hero Tran Hung Dao.,Ho Chi Minh ,
Hoang Phap Buddhist Temple,"96 Tan Thoi 3 Hamlet, Tan Hiep Ward, Hoc Mon District",4.7,Shrines/Temples,A renowned Buddhist temple famous for meditation retreats and large gatherings.,Ho Chi Minh ,https://lh3.googleusercontent.com/p/AF1QipOcXjfeuRfiIN7wSv8TaBhEBVtS0MRtPSTjZcrr=w32-h32-p-k-no
Southern Women's Museum,"202 Vo Thi Sau Street, Vo Thi Sau Ward, District 3",4.4,Museums,"A museum showcasing the history, culture, and contributions of Vietnamese women.",Ho Chi Minh ,https://lh3.googleusercontent.com/gps-cs-s/AG0ilSz5oTKYNflz18n1vLw9TB38llsppKmi3lJpd6c_Eib1MHclrjV2onPJifyu_G-mKHKs9hylwU2Y9Teo9bvrDe3dB-Sf8tZIyW7BdarcedQE5v-gDJpvKDuX8i8qxScWOgEWkJTthmJs9rQf=w32-h32-p-k-no
Museum of Ho Chi Minh City,"65 Ly Tu Trong Street, Ben Nghe Ward, District 1",4.2,Museums,A museum featuring exhibitions on Saigon's development and historical artifacts.,Ho Chi Minh ,https://lh3.googleusercontent.com/gps-cs-s/AG0ilSwC6mSBSEG3GvPSi4vFpi3trsqle9u2kj5HQ6udiE48bTApQAe7IZ8X_rD2P-PUj-r2uhYhNX3jw9b6JCIJ8jM0N0FNbhEuHcY6KegOnwIF6bP4c1pjaY-22tzsnbBWqStrHEAh=w32-h32-p-k-no
Museum of Traditional Vietnamese Medicine,"41 Hoang Du Khuong Street, Ward 12, District 10",4.5,Museums,A museum displaying traditional Vietnamese herbal medicine and ancient tools.,Ho Chi Minh ,https://lh3.googleusercontent.com/p/AF1QipNN3rGZkGHqRQnzimzGDQwYlpm4rSeLNUWY_9Cn=w32-h32-p-k-no
Ao Dai Museum,"206/19/30 Long Thuan Street, Thu Duc City",4.4,Museums,A cultural museum dedicated to Vietnam national costume.,Ho Chi Minh ,https://lh3.googleusercontent.com/gps-cs-s/AG0ilSyq4mXzayDyEnrO9GxXpUhF56lzOERpCaKngcV8bkZYbDh6N1DJDaOwmYLymZ8BoPS6x88k2ORb-DUDB6reB0kF6q5YszdK0ubYXdOR7imrEDfZW5ORsZAILp4nsZTYImgrLyiX=w32-h32-p-k-no
Ton Duc Thang Museum,"5 Ton Duc Thang Street, Ben Nghe Ward, District 1",4.5,Museums,A museum honoring President Ton Duc Thang through historical documents and artifacts.,Ho Chi Minh ,https://lh3.googleusercontent.com/p/AF1QipPOW53ZcUGFrxpYw2KdrgLbPs1eZCEL-otqeSHL=w32-h32-p-k-no
Quang San Art Museum,"189B/3 Nguyen Van Huong Street, Thao Dien Ward, District 2",4.8,Museums,A contemporary art museum showcasing modern artworks in a minimalist space.,Ho Chi Minh ,https://lh3.googleusercontent.com/p/AF1QipMd35vtJOV11-G5to2aorOyj9SpTYmEu98wYje4=w32-h32-p-k-no
Ho Chi Minh Campaign Museum,"2 Le Duan Street, Ben Nghe Ward, District 1",4.3,Museums,A museum focusing on the Ho Chi Minh Campaign that led to national reunification.,Ho Chi Minh ,https://lh3.googleusercontent.com/gps-cs-s/AG0ilSwFVHKyXEBTrbNi4Z_usAgXLNrCBG3ELZfggaUu5FsN-2VhNGjzAes-9peqI79ti94pKs4TKi9rzAofk0XxQQLbbb0te3H8H-t2XGU6kd3VqsrPB8d1ogKsXhKd4Ns9AWEaJsEj=w32-h32-p-k-no
Air Force Museum,"87 Thang Long Street, Ward 4, Tan Binh District",4.1,Museums,"A military museum featuring aircraft, uniforms, and aviation history.",Ho Chi Minh ,https://lh3.googleusercontent.com/gps-cs-s/AG0ilSx9Dsqxied5F0B9WJZvElNQeDXDYvW6yfdgPX9lUjH1NOVPWB-Y943Dx0dz855v9dtMbArDJEGkHPtKptSEdFDbp28vtx-50BWjd8EJtRDfDvsU6eNW-Jk2j3im6GYP4DXPvN5o=w32-h32-p-k-no
Cu Chi Tunnel,"Phu Hiep Hamlet, Cu Chi District",4.5,Museums,"A historic underground tunnel system used during the Vietnam War, now open for tours.",Ho Chi Minh ,https://lh3.googleusercontent.com/gps-cs-s/AG0ilSxKI0ZpDnOYPLQTW1f2P9gmBh90B_uc9zK6fjLzyo8FM5lPbIY_9JBa_xpPKgvFMpbhLhxYdEgVDps9X0E0Kzrljho57XICHxXVM90VxzgzL0vS5iTZzvjqpUI_RC1RLS2zEh8M=w32-h32-p-k-no
Geological Museum of Vietnam,"2 Nguyen Binh Khiem Street, Ben Nghe Ward, District 1",4.4,Museums,"A national geological museum displaying minerals, fossils, and rock formations.",Ho Chi Minh ,https://lh3.googleusercontent.com/gps-cs-s/AG0ilSwMtN_uX-oXxB7zTy_h1JXOXC_SorgFCS7GRXPbvTMNImpzGvWuHnqf5H5ijAE032pSZzT7W_lIBZ3zAtOWEgDP5tGY24pRFR8IeaiGgcPKJySaEb5hK977eYbGCCYmNZ85IsPC=w32-h32-p-k-no
Nha Rong Harbor - Ho Chi Minh Museum,"1 Nguyen Tat Thanh Street, Ward 13, District 4",4.7,Museums,"A historic port where Ho Chi Minh departed in 1911, now a memorial museum.",Ho Chi Minh ,https://lh3.googleusercontent.com/gps-cs-s/AG0ilSwgq_0onD92c1BO_tFULe1q33G7ivF23dpG9cm7zZHCqzvSbMR_Yxh4gcJjH8dHP0wGKtn8lPixxmW2pdJamFCgOIOfwQ0fRJhe6uJAC_NKiPChzx_2phBdfTb4aEMLy46J8YPE=w128-h86-k-no
Ho Chi Minh City Fine Arts Museum,"97A Pho Duc Chinh Street, Nguyen Thai Binh Ward, District 1",4.5,Museums,"A beautiful colonial-era museum displaying fine arts, sculptures, and modern artworks.",Ho Chi Minh ,https://lh3.googleusercontent.com/gps-cs-s/AG0ilSwXcR_GkX0JuPeXqZwqY-lBLbSWx_uOeLcsl2QczA9DL7y_YdNVqGuuR7nDMgqDF_QwDSrt6H9GabuD0ddQGyw0h0NkOJtKZSDLA4BX4pwPOj1B1vLo8Gsfgqa7iePa4vrrqumuVHJMl0Xv=w32-h32-p-k-no
Hanoi Train Street,"Tran Phu Street, Hang Bong Ward, Hoan Kiem District",4.6,Landmarks,A narrow residential street where a high-speed train passes just inches from homes and cafes. A popular photography spot.,Ha Noi,
Imperial Citadel of Thang Long,"19c Hoang Dieu Street, Dien Bien Ward, Ba Dinh District",4.4,Landmarks,"A UNESCO World Heritage site, this was the political center of Vietnam for 13 centuries. Features excavation sites, palaces, and a museum.",Ha Noi,https://lh3.googleusercontent.com/gps-cs-s/AG0ilSzVCEMMfjpDJgDbeP1VeA2KVgKUCLkd3OidJb_5JZjqsAvm3dN1OX9lgqUTR3w-T_00FDgkWxW0lzmqkmKcZhOkOlgyqtMsRLZhky08u2SKWqG0EJxXzN_XzPTDjp_YRy3vMDwspg=w32-h32-p-k-no
Hanoi Old Quarter,"Hang Ngang Street, Hang Dao Ward, Hoan Kiem District",4.6,Landmarks,"A historic area of Hanoi with 36 streets, known for its French-colonial architecture, bustling markets, street food, and artisan shops.",Ha Noi,https://lh3.googleusercontent.com/gps-cs-s/AG0ilSy-nF_vOtC6XUIcsMYwrsbAS3gazLn-s5Ok5umxUPjRCn-GE64vbGp_lxGG553Z6u-cHeUCryNk4GL7oi_V7HrUHsoeP5lHEAG0eH_pxFRKeIziB4SDOnG9ok_eVEhFqlWwzT2xLaCvpFpx=w32-h32-p-k-no
Hanoi Opera House,"1 Trang Tien Street, Phan Chu Trinh Ward, Hoan Kiem District",4.6,Landmarks,"A grand, French-colonial theatre built in 1911. Hosts major cultural performances, including opera, ballet, and traditional music.",Ha Noi,https://lh3.googleusercontent.com/gps-cs-s/AG0ilSyVPEKwEDUw4h9Dchwt3oEdU-dVEE7jsHyiV8DmA-vtNwYFXmZ2K_j2naincJeExkpKvVslMsYsWEAStjJJN1yH6eZAfdVdqKxDYt-mJRXYxvKvljPCj4l863Br8HuZnZ0tQ5a8rAQdXSo=w32-h32-p-k-no
Ho Chi Minh's Mausoleum,"1 Hung Vuong Street, Dien Bien Ward, Ba Dinh District",4.5,Shrines/Temples,A monumental granite tomb on Ba Dinh Square where the preserved body of President Ho Chi Minh is displayed.,Ha Noi,https://lh3.googleusercontent.com/gps-cs-s/AG0ilSy6TJsQdMf5OSB_wmhSZKsyXsNu5qXTeEXlomaoKk_ZfEkbO6eTrR7HQ3veFnkFqNhfxU2NgbBSqeh93Bqn_hmxRewXt0ztt50DjTT3PPK0s14pWTLO--kazUu8d0DTW89DXgs4=w115-h86-k-no
Bach Ma Temple,"76 Hang Buom Street, Hang Buom Ward, Hoan Kiem District",4.5,Shrines/Temples,"One of the four 'Sacred Temples' of Hanoi, dedicated to a white horse that reputedly guided the king in building the city's citadel.",Ha Noi,https://lh3.googleusercontent.com/gps-cs-s/AG0ilSy042ChjyEvuFEHFFYaTKJw3gTo0l--jMzmlhhIbAF4Xp1bXUUYKWJsZnVSomo8umoe6-xBpAohTa_PRKc0HqAopRxAAj_fcSGucg7eU5hRHFzzfLF74npyYdSAjuiJXX6ynVPrpw=w32-h32-p-k-no
Hoa Lo Prison,"1 Hoa Lo Street, Tran Hung Dao Ward, Hoan Kiem District",4.5,Museums,Historic prison used by French colonists for political prisoners and later by North Vietnam for U.S. POWs; nicknamed the 'Hanoi Hilton'.,Ha Noi,https://lh3.googleusercontent.com/gps-cs-s/AG0ilSw_qHkVnvXlG9LrEU-nqkv0JOHEPf9ofbHDpxF2u0mVOeTEk-43vdqFi-AMX9ftpiUybiv-Fz4KX0XRJ_1VmyHXrEvbB5MGYvffLbqKgbiOQ6uRdppXXFRDeJqNDhmAINTGwfmc=w32-h32-p-k-no
Thang Long Water Puppet Theatre,"57B Dinh Tien Hoang Street, Hang Bac Ward, Hoan Kiem District",4.3,Landmarks,"A famous theatre by Hoan Kiem Lake, performing traditional Vietnamese water puppetry shows depicting rural life and folklore.",Ha Noi,https://lh3.googleusercontent.com/gps-cs-s/AG0ilSzwh4vbRWwYFdefztjaeSNkehklmzIy-F3ujPb94hNnDa04mEs6NLe7VOnm3Gju2aQbXczQE6kweenhG1UPC3Qw_E04dXGb73K4mM7O1vDC7a-Q8A5JmfeKyzo3leIaxnhQ__U=w32-h32-p-k-no
One Pillar Pagoda,"Chua Mot Cot Street, Doi Can Ward, Ba Dinh District",4.3,Shrines/Temples,"A historic Buddhist temple built from a single stone pillar, designed to resemble a lotus flower. Part of the Ho Chi Minh Mausoleum complex.",Ha Noi,https://lh3.googleusercontent.com/gps-cs-s/AG0ilSzCJe91Nrc9_ZtRQ5ypq25bShTUW56noNjFQuOoXJmALVvw7jum8Jc84R7p4GCywnBdjceiGvg-Y3BbcDxFCiKcdyNW1H2PAgzC8irjRgzuHwqzqUYvirPU0mXSRf2mhh0zqxAK=w32-h32-p-k-no
Temple Of Literature,"58 Quoc Tu Giam Street, Van Mieu - Quoc Tu Giam Ward, Dong Da District",4.6,Shrines/Temples,"A temple complex dedicated to Confucius, which hosted Vietnam's first national university. Features gardens, pavilions, and stone stelae of graduates.",Ha Noi,
Vietnam National Fine Arts Museum,"66 Nguyen Thai Hoc Street, Dien Bien Ward, Ba Dinh District",4.5,Museums,"The country's primary art museum, showcasing Vietnamese fine arts from ancient times to the modern era, including folk art and 20th-century paintings.",Ha Noi,https://lh3.googleusercontent.com/gps-cs-s/AG0ilSyStseNy_OgiYFGXIJfNHfefiUYuo3ihR8UGIxzNiZb8aSbYkmnCWngEtRZXs6p1uIxbn0C7DGwFT6oTm5tx24hRjs68ytU0a9OivbvxPVTvLk4XoRnWD6rIQrBH84KCtRmWhxm=w32-h32-p-k-no
Weekend Walking Street,"5 Dinh Tien Hoang Street, Hang Trong Ward, Hoan Kiem District",4.5,Landmarks,"A large pedestrian-only area around Hoan Kiem Lake, open on weekend evenings. Features street food, live music, games, and cultural activities.",Ha Noi,https://lh3.googleusercontent.com/gps-cs-s/AG0ilSwIkdu_NWKGXHzaAu1Ib6XKElmcOrgsxnZCr2Paqv4EHpoGDDsxiUzqw_39pDJ0vc9D85k3kZc5961l3l1FHCJC2XsDr7plb2L-zSO6skZeXzZL2IpEn5juSTL4j_NyKPRUHxBi=w100-h86-k-no
Ta Hien Beer Street,"36-41 Luong Ngoc Quyen Street, Hang Buom Ward, Hoan Kiem District",4.3,Landmarks,"A vibrant street in the Old Quarter famous for its nightlife, street food, and cheap local 'bia hoi' (fresh beer), attracting crowds of locals and tourists.",Ha Noi,https://lh3.googleusercontent.com/p/AF1QipNTKhmss0-xGtWBT0MfVYIM1dnme7tIkozdRkl3=w129-h86-k-no
Vietnam Museum of Ethnology,"Nguyen Van Huyen Street, Quan Hoa Ward, Cau Giay District",4.6,Museums,"Focuses on the 54 official ethnic groups of Vietnam, featuring artifacts, daily life objects, and outdoor full-scale replica homes.",Ha Noi,https://lh3.googleusercontent.com/gps-cs-s/AG0ilSzF4JacfwdvZSn54hmkn0OqYNRVkfigMRdPuCn_QUWJwK_jjqMg5eInRDmk7Niz8MBl5EfFnr8vK9bAucPjMsQDRYrTnzjQNltbpR-JeqncTxx1m21mq0vUF7QqJvx62auyQAZi=w32-h32-p-k-no
Vietnamese Women's Museum,"36 Ly Thuong Kiet Street, Tran Hung Dao Ward, Hoan Kiem District",4.4,Museums,"Showcases the roles and contributions of Vietnamese women in history, family, fashion, and society.",Ha Noi,https://lh3.googleusercontent.com/gps-cs-s/AG0ilSz5oTKYNflz18n1vLw9TB38llsppKmi3lJpd6c_Eib1MHclrjV2onPJifyu_G-mKHKs9hylwU2Y9Teo9bvrDe3dB-Sf8tZIyW7BdarcedQE5v-gDJpvKDuX8i8qxScWOgEWkJTthmJs9rQf=w114-h86-k-no
Vietnam Military History Museum,"Km6+500, CT03, Xuan Phuong",4.5,Museums,"Exhibits artifacts from Vietnam's military history, including the Indochina Wars and Vietnam War, with large outdoor displays of aircraft and tanks.",Ha Noi,https://lh3.googleusercontent.com/gps-cs-s/AG0ilSxZTXtrwt3ziCAp0-NwaKbvUOGrpT9G0gGbvrxOjSSxaFH8CU9mxqgpcloiVej_tL5cVBnPj09fkGWnVJvMgRbp9LE_WYk8X5JtB7aT-giizAwMENUeRmIRC3a9zZ0RK0Y8VQtA=w114-h86-k-no
Vietnam National Museum of History,"1 Trang Tien Street, Phan Chu Trinh Ward, Hoan Kiem District",4.3,Museums,"Covers Vietnam's history from prehistory up to the 1945 August Revolution, housed in a distinctive Indochinese-style building.",Ha Noi,https://lh3.googleusercontent.com/gps-cs-s/AG0ilSxlXijEwP7jgd-8DnNc_zV9S1an643EDA8nLFt58dp6WTiGXNdMEEdGSp5R7m350y2McvtNymDsKcg2hKOp5aNXunu68qD9ZM0jGNFnhOyVL6JOoudjwTM9kXXnq7NzH0lyxOBP=w86-h86-k-no
Museum of the Vietnamese Revolution,"25 Tong Dan Street, Trang Tien Ward, Hoan Kiem District",4.5,Museums,"Chronicles Vietnam's revolutionary movements and fight for independence through documents, photographs, and artifacts.",Ha Noi,https://lh3.googleusercontent.com/gps-cs-s/AG0ilSxZTXtrwt3ziCAp0-NwaKbvUOGrpT9G0gGbvrxOjSSxaFH8CU9mxqgpcloiVej_tL5cVBnPj09fkGWnVJvMgRbp9LE_WYk8X5JtB7aT-giizAwMENUeRmIRC3a9zZ0RK0Y8VQtA=w114-h86-k-no
Air Force and Air Defense Museum,"173C Truong Chinh Street, Khuong Mai Ward, Thanh Xuan District",4.5,Museums,"Details the history of the Vietnam People's Air Force, with a focus on the Vietnam War. Features an outdoor static park of aircraft and air defense systems.",Ha Noi,https://lh3.googleusercontent.com/gps-cs-s/AG0ilSx9Dsqxied5F0B9WJZvElNQeDXDYvW6yfdgPX9lUjH1NOVPWB-Y943Dx0dz855v9dtMbArDJEGkHPtKptSEdFDbp28vtx-50BWjd8EJtRDfDvsU6eNW-Jk2j3im6GYP4DXPvN5o=w32-h32-p-k-no
Ho Chi Minh Trail Museum,"Km 15, National Highway 6, Ha Dong District",4.5,Museums,"Dedicated to the history of the Ho Chi Minh Trail, showcasing the logistical efforts, trucks, and equipment used during the Vietnam War.",Ha Noi,
B52 Victory Museum,"157 Doi Can Street, Ba Dinh District",4.3,Museums,"Commemorates the 1972 'Christmas Bombing' campaign, detailing Hanoi's air defense. Features wreckage of a B-52 bomber and various air defense weaponry.",Ha Noi,https://lh3.googleusercontent.com/gps-cs-s/AG0ilSwTFP0dQ6bwHZSp2_k_aq9pHDocKouxvymvhM3Y6RJfHU24CzYlH8wjJULYxMu3wq-WnKYhig7FHVP9jTQXTETcVxSdYLJQ2oY1Wka7qbDXzBxcqlkmDhGRvYHHh_x1CzQi2dC90nPqpJw=w32-h32-p-k-no
Maison Centrale,"49 Hai Ba Trung Street, Tran Hung Dao Ward, Hoan Kiem District",4.6,Museums,"Historic colonial-era prison, also known as Hoa Lo Prison or the 'Hanoi Hilton', used for political prisoners and American POWs.",Ha Noi,
The Quintessence of Vietnamese Craft Villages Center,"Hamlet 5, Bat Trang Village, Gia Lam District",4.3,Landmarks,"Located in Bat Trang ceramic village, this center showcases the essence of traditional Vietnamese craftsmanship, focusing on pottery and ceramics.",Ha Noi,
Vietnam National Museum of Nature,"Gate 2 Academy of Science and Technology, 18 Hoang Quoc Viet Street, Nghia Do Ward, Cau Giay District",4.4,Museums,"Showcases Vietnam's natural history over 3.6 billion years, with exhibits on flora, fauna, and fossils, including a 3D theatre.",Ha Noi,https://lh3.googleusercontent.com/gps-cs-s/AG0ilSyqI1pZksjjiwG_fXiUpQ7h_j7ampf_HOPD5C5p3-V5rxiTJSW07xkeDadT3elurMOsUNyokBzbAUf4mIFPiLElz7UFDv115it6TeCcNmcfK-5AEi0cbTT7aIOwSiOG6Wj4QoyUnnPgPBGR=w32-h32-p-k-no
Museum of Armored Forces,"108 Hoang Quoc Viet Street, Nghia Tan Ward, Cau Giay District",4.4,Museums,"Presents the history of the Vietnamese Armored Forces, featuring tanks and armored vehicles used in the Vietnam War and other conflicts.",Ha Noi,https://lh3.googleusercontent.com/gps-cs-s/AG0ilSwydGUM25hlVQhYyFaAuew7XxIAEQbg1v4N5iJ6Pj8DFLLe6Vt4J-0Ye08lrrmDGdn95QYaiWFWlJeHoflR9ylCnEhG62UOwtTfn1WfaP1b2A4Itre0bWu_OLGPsZEmFhAPoEu3fA=w32-h32-p-k-no
Vietnam Museum of Literature,"275 Au Co Street, Quang An Ward, Tay Ho District",4.3,Museums,"Celebrates Vietnam's literary history, featuring thousands of artifacts, manuscripts, and exhibits dedicated to renowned Vietnamese writers.",Ha Noi,https://lh3.googleusercontent.com/gps-cs-s/AG0ilSzIY6OyDS7GICGDM0X2t2r383qGCkVxujmdijTGL6mVpQoElLydei4iKRHuCNLr-IrBRvjgwF1N1SjrQYzxOy_Kaf_A6Cy-cjllXYfFRHErk7eCYy22gIijCx6DmEMlaLn4wX8zMklv6kZx=w32-h32-p-k-no
Ngoc Son Temple,"Dinh Tien Hoang Street, Hang Trong Ward, Hoan Kiem District",4.4,Shrines/Temples,"Temple of the Jade Mountain. Located on an islet in Hoan Kiem Lake, accessed by the red The Huc Bridge. Dedicated to General Tran Hung Dao.",Ha Noi,https://lh3.googleusercontent.com/gps-cs-s/AG0ilSzccCHuNEht3mw3mAi5PgtDDTS8K81tWboOjMe6ub68v0Yo30MeG5rK__KEaqW_P2NJHgDVBMKZHjREa64MY8RoAUva8SYsDDYBV6X_ozT4CNRDrXMUWWh3g8BxK8yh--hHw3ZW=w32-h32-p-k-no
Hai Ba Trung Temple,"12 Huong Vien Street, Dong Nhan Ward, Hai Ba Trung District",4.4,Shrines/Temples,"A temple dedicated to the two Trung Sisters (Trung Trac and Trung Nhi), who led a rebellion against Chinese rule in 40 AD.",Ha Noi,https://lh3.googleusercontent.com/gps-cs-s/AG0ilSwDQPVGv1zfwNR7_Irx5-pdAQIhKBKd1DX_mbFH4vNZagESG1Pol5DOdF6yLoiyigcCMQZsgSK86yrP-zwHBtRLzJR0KxiecN45aEqm46aPVYTV8C1JwQe2fv7P1-r6Q6W0p3UfGQ=w32-h32-p-k-no
St. Joseph Cathedral,"1 Nha Tho Street, Hang Trong Ward, Hoan Kiem District",4.6,Shrines/Temples,"A late 19th-century neo-Gothic church, the oldest in Hanoi. Serves as the cathedral of the Roman Catholic Archdiocese of Hanoi.",Ha Noi,https://lh3.googleusercontent.com/gps-cs-s/AG0ilSx2rr_fFCpBj8-Ta7O83Cg_sD0_VXGIgLakJTKA33NNqnN5WGsQABUTK4veMVdr5__gEJKD9RqbVqbZXZNe3dJJp53FJg34P4KWJgZT-nL4RhJGGzTOzeGrD-g4-vUiJYRvfOnd=w114-h86-k-no
St Anthony Ham Long Church,"21 Ham Long Street, Phan Chu Trinh Ward, Hoan Kiem District",4.6,Shrines/Temples,"A Roman Catholic church built in 1934, known for its blend of Gothic architecture and traditional Vietnamese decorative elements.",Ha Noi,https://lh3.googleusercontent.com/gps-cs-s/AG0ilSzSfMwqUmWHzGNK8gAoORiyXvq-Arm2ddGxsM_JD5R2pf9aT6mXhhK6YDOyjLTCnID_C9pQAVRPjvW3MsGRnt_p_yTiZTemRauifcmQRqoOHJ38hFNjqZNSX1fyh2a6pETwlf_O2B3X-3g-=w32-h32-p-k-no
Ba Kieu Temple,"59 Dinh Tien Hoang Street, Hang Trong Ward, Hoan Kiem District",4.4,Shrines/Temples,"A temple located opposite Ngoc Son Temple (by Hoan Kiem Lake), dedicated to the princess Lieu Hanh, one of 'The Four Immortals' in Vietnamese folk religion.",Ha Noi,
Voi Phuc Temple,"362 Kim Ma Street, Ngoc Khanh Ward, Ba Dinh District",4.7,Shrines/Temples,"Temple of the Kneeling Elephant. One of the 'Four Sacred Temples' of Hanoi, guarding the western gate of the ancient Thang Long citadel.",Ha Noi,https://lh3.googleusercontent.com/gps-cs-s/AG0ilSyNzBGOUW1HoPh_yRIZx6FZs686yPahzorOATmDn9mmH-c2s2Rj8qKHNMYHVnM1QJIq7SOxhRXcJHJ70NAVCZ2RY2xwaQY3QQRaG65lc9mcx7mXWCfkkhQhM3cjw6NcI30BKJM5Npow-x7B=w32-h32-p-k-no
Ly Trieu Quoc Su Pagoda,"50 Ly Quoc Su Street, Hang Trong Ward, Hoan Kiem District",4.4,Shrines/Temples,"A historic Buddhist pagoda dedicated to Ly Quoc Su, a meditation master and healer from the Ly Dynasty. Also known for its vegetarian food.",Ha Noi,https://lh3.googleusercontent.com/gps-cs-s/AG0ilSxdrKSUvPTsuxf6bxTYemngkjryEpA9fYpeGFV0MyK8DH8mcYU8nIjHFW-MqZLX3om4Y8am9djhuDJRHBEYLK1a8IR6lXkuw26ViPIgQgKYdN6SXWCGoTOeyCbPKuz9WzUfRP0i=w86-h114-k-no
Quan Thanh Temple,"190 Quan Thanh Street, Quan Thanh Ward, Ba Dinh District",4.5,Shrines/Temples,"One of the 'Four Sacred Temples' of Hanoi, guarding the northern gate. Dedicated to Huyen Thien Tran Vu, the God of the North.",Ha Noi,https://lh3.googleusercontent.com/p/AF1QipPdJyppfXY0PHzTUM3rrUrgiMX99mcjQrOD_qBm=w32-h32-p-k-no
Quan Su Pagoda,"73 Quan Su Street, Tran Hung Dao Ward, Hoan Kiem District",4.7,Shrines/Temples,The central headquarters of the Vietnam Buddhist Sangha. A significant center for Buddhist activities in the northern region.,Ha Noi,https://lh3.googleusercontent.com/p/AF1QipN6VL5QZX-_QrdOJ3xp8ZWqiaL8ghznfSqvUyKA=w32-h32-p-k-no
Hong Phuc Tu - Hoe Nhai Pagoda,"19 Hang Than Street, Truc Bach Ward, Ba Dinh District",4.5,Shrines/Temples,"An ancient Buddhist pagoda, also known as Hoe Nhai Pagoda. Famous for a 17th-century statue depicting a kneeling king (Emperor Le Hy Tong).",Ha Noi,https://lh3.googleusercontent.com/gps-cs-s/AG0ilSwUEucRGbGvmYcsBah-bgD1OyALB5Ehxo-iMcKfM5I7hqFbG4pG9rbKhVU8_-h5KgiCfPPUYXEWFNoDZ1GfbmQ3YxrcVURo5PeJ47d8HCcpCM3ciKQ381bZ_acuyAU0kw-SWVA8=w32-h32-p-k-no
Ba Da Pagoda,"3 Nha Tho Street, Hang Trong Ward, Hoan Kiem District",4.5,Shrines/Temples,"An ancient pagoda located near St. Joseph's Cathedral, originally built in the 11th century. A quiet place of worship in the city center.",Ha Noi,https://lh3.googleusercontent.com/gps-cs-s/AG0ilSzoDJHq5C5RuMx4PKWTJ1gVdETM3GN3kyh3vcspMBdO2F-ekC53I55apnmzIr8n-wlJYEwIQpWUzGspxKoM9e9iV6eN3HDbgiZYyW-_hkxrdxHAF0GscNVQXWjmuRtASX1q4RHOZA=w32-h32-p-k-no
Lang Pagoda,"116 Chua Lang Street, Lang Thuong Ward, Dong Da District",4.6,Shrines/Temples,"A large Buddhist temple complex, also known as Chieu Thien Tu. Dedicated to Tu Dao Hanh, a prominent monk from the Ly Dynasty.",Ha Noi,https://lh3.googleusercontent.com/p/AF1QipPiZacEMcQ7BNCa3A1xrEZDQBaSDjttpLXYj7Pj=w122-h86-k-no
The Marble Mountains,"81 Huyen Tran Cong Chua Street, Hoa Hai Ward, Ngu Hanh Son District",4.3,Shrines/Temples,"A cluster of five marble and limestone hills, home to caves, grottoes, and Buddhist sanctuaries.",Da Nang,https://lh3.googleusercontent.com/gps-cs-s/AG0ilSx9Tfw7nOevu0KWIPBLXSV0vkSWc_MDxprWH8u2VaF_-JqyEtWdrn6zHzrLk4F8e7LntEJ8KFGY-V_SQGULG_oX3kdE4KmWZGtYuQpzkH7n8KLqNMgtToR5YhkHoV9JgG3fgX2VHQ=w32-h32-p-k-no
Da Nang Museum of Cham Sculpture,"02 2 Thang 9 Street, Binh Hien Ward, Hai Chau District",4.2,Museums,"A museum displaying the world's largest collection of Cham sculpture, dating from the 7th to the 15th centuries.",Da Nang,https://lh3.googleusercontent.com/gps-cs-s/AG0ilSwc-Ucws5uMYwR0gz0r83jJcJA_zlaHPjb5IemBi0ejp9YPMv-SXWW52BiL1IdB6bykS-HG_d8V9rJIKyzqlRJBZpn_LykaU2R5JCU9NchIQHc4vydJLndXV65UwK7nCoP3yvBo=w32-h32-p-k-no
Dragon Bridge,"Dragon Bridge, An Hai Ward, Son Tra District",4.5,Landmarks,"A modern bridge over the Han River, famous for its dragon shape. It breathes fire and spouts water on weekend nights.",Da Nang,https://lh3.googleusercontent.com/gps-cs-s/AG0ilSwSLgE4F_N9d46wDR0RCU-Q0GU-1n8l6PbjbfTXjuwq2OyXL2xknM0UgS8p4z3GsIq93vM2TvVRxy2egoxtAIw0KO34dWmOZLfIQlk2krUCgjImSaBp7uGV04Adnbvz9whCsthp=w32-h32-p-k-no
3D Museum Art in paradise Da Nang,"Lot 10, Tran Nhan Tong Street, Tho Quang Ward, Son Tra District",4.4,Museums,"An interactive 3D art museum with optical illusion paintings, allowing visitors to pose and become part of the artwork.",Da Nang,https://lh3.googleusercontent.com/p/AF1QipOYrxPILxrQwRB1wVfFFoRPxf1TopAUjI6BVs1H=w32-h32-p-k-no
Ban Co Peak,"Ban Co Peak, Tho Quang Ward, Son Tra District",4.6,Landmarks,"A scenic viewpoint on Son Tra Peninsula, featuring a large statue of a deity playing chess. Offers panoramic views of Da Nang city.",Da Nang,https://lh3.googleusercontent.com/gps-cs-s/AG0ilSzrgbfIvzPRWbJ67YniiEJJmWspJYs0LUtpGtP66NP1Jz298-B2yjz-8JCWAh_36z60KGJfYpe1rhkUifHzpJfI4-wtcu3UCaOxb3KMxpT79bWwibWE5srmQ0ccu4yZaFdujuACrDWIDYc=w32-h32-p-k-no
Golden Bridge,Hoa Vang District,4.6,Landmarks,"A famous pedestrian bridge in the Ba Na Hills resort, held up by two giant stone hands. Offers stunning mountain views.",Da Nang,
Sun Wheel,"1 Phan Dang Luu Street, Hoa Cuong Bac Ward, Hai Chau District",4.5,Landmarks,"A large Ferris wheel located in Asia Park, offering panoramic views of Da Nang city, the Han River, and the surrounding area.",Da Nang,
Han River Bridge Viewpoint,Hai Chau District,4.5,Landmarks,"A popular spot to watch the Han River Bridge, a swing bridge that rotates on its axis at night to allow shipping to pass.",Da Nang,https://lh3.googleusercontent.com/gps-cs-s/AG0ilSxHV0KZgOu0d-XyUDhcYI33x68SyzjWnut3xkUe9ovc5R92BSiV-l_z_RVqdRF7G7MbFR8qjdPyTByrQoEh7mQZeErAg2pc3EZjq3IniiGD7T54Y8NUJBkVudkTMIgJiBZZXbjt=w32-h32-p-k-no
Ba Na Hills,"An Son Hamlet, Hoa Vang District",4.4,Landmarks,"A mountaintop resort complex accessible by cable car. Features the Golden Bridge, a French-themed village, and amusement park rides.",Da Nang,
Vong Canh Pavilion,"Vong Canh Pavilion, Tho Quang Ward, Son Tra District",4.5,Landmarks,"A scenic viewpoint on Son Tra Peninsula, offering beautiful views of the sea and coastline.",Da Nang,https://lh3.googleusercontent.com/gps-cs-s/AG0ilSyBNQAoSMDgjxfsQzb7kTIRix6-k0goTAOSZfPS3_dcAyjgsEw3z0NdKlpyy9CDAeZ97Uh1EJe9jLsToX3rIwZsgs0IlpJtioYrZ9gFmdK1hCnoBmkgQFMEsdHqMkHmRTo8FdOu=w114-h86-k-no
Lady Buddha,"Linh Ung Pagoda, Hoang Sa Street, Tho Quang Ward, Son Tra District",4.7,Shrines/Temples,"A 67-meter tall statue of the Goddess of Mercy, located at the Linh Ung Pagoda on Son Tra Peninsula, overlooking the sea.",Da Nang,https://lh3.googleusercontent.com/gps-cs-s/AG0ilSz0Y7Wux9LfV4sCz67JTzwzxmonRl7Nk1_6EqphowVa4G9GJMRJLwVtD2QTBTC37aajslOLHHBzYFADbPhSVyQrafWxx8TSIZOMs_voRQa-qVPNJGtMYQqR0ns_EyokDiIkFwmq=w32-h32-p-k-no
Ho Chi Minh Museum,"01 Duy Tan Street, Hoa Cuong Bac Ward, Hai Chau District",4.3,Museums,A museum dedicated to the life and career of Ho Chi Minh. This branch focuses on his connection to Military Zone 5.,Da Nang,
Da Nang Fresco Village,"75 Nguyen Van Linh Street, Phuoc Ninh Ward, Hai Chau District",4.0,Landmarks,"An alleyway decorated with vibrant murals and fresco paintings, depicting local life and culture.",Da Nang,https://lh3.googleusercontent.com/gps-cs-s/AG0ilSyXfvA7O5JC-kNTq82_jjBt9la_YlkbXyi-t-hOaWhPetTfDVyKeDJSh-1bssZvwHnhR8LhgkVMfXW7wL8-zUJJ3mX2EcJmoYeXV_olPJH_i8hSy6qiF_Mus7K002meB8-uhSFauQ=w32-h32-p-k-no
Da Nang Food Tour,"4 Tran Quoc Toan Street, Phuoc Ninh Ward, Hai Chau District",4.5,Landmarks,A guided tour service that takes visitors to sample a variety of local street food and dishes in Da Nang.,Da Nang,https://lh3.googleusercontent.com/p/AF1QipP8FABtWNga-K1cDjbF2Op-VR4ZU_Wg0r2eDj1u=w32-h32-p-k-no
Phap Lam Pagoda,"574 Ong Ich Khiem Street, Phuoc Ninh Ward, Hai Chau District",4.6,Shrines/Temples,"A large, two-story Buddhist pagoda in the city center, known for its peaceful atmosphere, gardens, and an impressive seated Buddha statue.",Da Nang,https://lh3.googleusercontent.com/gps-cs-s/AG0ilSxLqsk9HIRxr7UG0vBtRhBSaMVBEcIlkUNq4804-aHzLiKk__8z33b6BB7iuyLQmVIIoDav9mNlzqkJObVpSjliDVqqAypqpY8vKnVdYsNlMZXGL_43KxnGN8dGfATEYC4nefXIZQ=w32-h32-p-k-no
Statue of Mother Au Co,"Pham Van Dong Street, An Hai Bac Ward, Son Tra District",4.5,Landmarks,"A statue located in a park, depicting the mythical 'Great Mother' of all Vietnamese people, Au Co.",Da Nang,https://lh3.googleusercontent.com/gps-cs-s/AG0ilSxRu2mAMIfVCfjM9oA7wdwYSuW9DX8nCzaii4r0-o930-knwYqb0qj-xha_rQ8dGPx8qKghQxH8GzAycJ0WUvXcNgP7JjtjwHjkSX3i0NPsF4yuMpGiI4bTtuST2VDJqjy6JRUpJQ=w114-h86-k-no
Phuoc My Beach,"Vo Nguyen Giap Street, Phuoc My Ward, Son Tra District",4.7,Landmarks,"A popular section of Da Nang's long coastline, known for its white sand, clear water, and various water sports.",Da Nang,https://lh3.googleusercontent.com/gps-cs-s/AG0ilSzYTgYUvdUPMvEYTnnliR7jGO1bOmaKbaJVups68gzsZZ_Fs9AJ61GlIl9Ko8Tk5JLsZieDb86a6sb9lsZq3D_se13pkX3UZgaPUzl1nOQNSfLf90PbjbijqgvYDMdZPFF51l3i=w32-h32-p-k-no
Thuy Son (Water Mountain),"Thuy Son, Hoa Hai Ward, Ngu Hanh Son District",4.6,Shrines/Temples,"The largest and most famous of the five Marble Mountains (Hon Thuy Son), known as 'Water Mountain'. It features numerous caves, pagodas, and viewpoints.",Da Nang,https://lh3.googleusercontent.com/gps-cs-s/AG0ilSzS8vPFFDHy33Y9_RuwM_9DGXbRp4x7RcQdcXlBrTFJkE3lbxkOLigHmZ8ZOoqLEldIfr-LcPtFv0V6-Z30mM1ybn03_rUlFB7Mmb_3gkTSot-pMl5wByLfe_Eu4wq1Pyv_cvOL-w=w86-h114-k-no
Sculpture Tunnel,"Ward 4, Da Lat, Lam Dong",4.2,Museums,A long clay tunnel featuring intricate sculptures depicting the history and culture of Da Lat.,Da Lat,https://lh3.googleusercontent.com/p/AF1QipPWMOl0YOtYJdh3DBDEkCJ_6J1ZCNKA6oMghC8l=w32-h32-p-k-no
Valley Of Love,"3-5-7 Mai Anh Dao Street, Ward 8, Da Lat, Lam Dong",4.4,Landmarks,"A romantic-themed park surrounding a large lake, featuring flower gardens, statues, and activities.",Da Lat,
Lam Vien Square,"Tran Quoc Toan Street, Ward 1, Da Lat, Lam Dong",4.5,Landmarks,"The central square of Da Lat, famous for its two large glass structures resembling a wild sunflower and an artichoke bud.",Da Lat,
Cam Ly Waterfall,"8b Hoang Van Thu Street, Ward 5, Da Lat, Lam Dong",3.1,Landmarks,"A waterfall located near the city center, though its popularity has declined due to pollution.",Da Lat,https://lh3.googleusercontent.com/gps-cs-s/AG0ilSySvnmNEKtK7P2vvB1og5f-Bc4eQONSQugoA40i7wRjuSJMPrL1CiZMhAYb6uIyJaOpIfom0TqOsO1ofs9qM5nZHFi2IYvkrbBcJIv88dkFoGdMaN1vHVNd8wMMxmu3d_-f_b0e=w32-h32-p-k-no
Bao Dai Palace 3,"1 Trieu Viet Vuong Street, Ward 4, Da Lat, Lam Dong",4.2,Museums,"The summer palace of Bao Dai, the last emperor of Vietnam, preserved as a museum with its original furnishings.",Da Lat,https://lh3.googleusercontent.com/gps-cs-s/AG0ilSzX0LYwjgIoNR07pROMA8A0YKTlzSBTKQO-3qah4tOa8aMe6_3tfsjYOFamtfN4LDVVCkgMj6pThQjhyg_yyjT1IswcLHlTM5wkCoBZJvZXwlp89MExdEVpjzo_I7y7MohLtYRW=w32-h32-p-k-no
Datanla Waterfall Tourist Area,"National Highway 20, Prenn Pass, Ward 3, Da Lat, Lam Dong",4.4,Landmarks,"A popular waterfall complex, famous for its alpine coaster ride through the forest to the base of the falls.",Da Lat,https://lh3.googleusercontent.com/gps-cs-s/AG0ilSwv5GLJfK1Q3x97sn3RkiYOmLQgpVcRCQ_4UotKRU6gzJp1YY40Vfc-eG5gQQ2y8IogSAnEaml8Kzjl_3v3yddIphmcqPO_dsXNerPQ5iOgh5E1R7AQnkocFiBbijrSRBfzVhup=w32-h32-p-k-no
Dalat Cable Car Tourist Area,"Robin Hill, Ward 3, Da Lat, Lam Dong",4.4,Landmarks,"A scenic cable car route that connects Robin Hill to the Truc Lam Zen Monastery, offering panoramic views of the city and pine forests.",Da Lat,https://lh3.googleusercontent.com/p/AF1QipO28qcjIrCVchwWfyF1gRG9ErwDxMMQDSO13eZQ=w32-h32-p-k-no
Cu Lan Village,"DT722, Lat Commune, Lac Duong District, Lam Dong",4.6,Landmarks,"An ethnic-themed eco-tourism village nestled in a forest, offering cultural activities, jeep rides, and views of Cu Lan (slow loris).",Da Lat,https://lh3.googleusercontent.com/gps-cs-s/AG0ilSwduYn8M1HXojHIM2ahmTIVg6dYsiPvllRoTewf3x7nTYjRrWaDRrcxQxleVe61IPe-PbhAQVjjABi3q2Azll6QANPjfmU_fob7rLvsWg_NfK6eyNs1uhUAYwBCdoW89Gk28kcS=w32-h32-p-k-no
Linh Son Pagoda,"120 Nguyen Van Troi Street, Ward 2, Da Lat, Lam Dong",4.5,Shrines/Temples,"A peaceful Buddhist pagoda in the city center, known for its elegant architecture and serene gardens.",Da Lat,
Domaine de Marie,"1 Ngo Quyen Street, Ward 6, Da Lat, Lam Dong",4.6,Shrines/Temples,"A pink, French-colonial style convent and church, known for its unique architecture and shop selling items made by local orphans.",Da Lat,https://lh3.googleusercontent.com/gps-cs-s/AG0ilSx9ChjANCRayYAecECQrZCE9Jul3GrhYLFuEcypQOJtSYzLTSsqOsTQE9XJwgnSFZcwr06jZ_jtaTkceWE2eO3h-ULFcRIdX-22DLJvblUoOcj78_BXJOWoP1ZDsr5K7USgJx_sGusnmly5=w32-h32-p-k-no
Prenn Waterfall,"National Highway 20, Prenn Pass, Ward 3, Da Lat, Lam Dong",3.7,Landmarks,"A large, scenic waterfall located at the entrance to Da Lat, set within a tourist park featuring elephant rides and a small cable car.",Da Lat,https://lh3.googleusercontent.com/gps-cs-s/AG0ilSy7Ou1uc13cIl94w380Ccldgn1GPS0SbhWePaml5xYfR8IjQSzIX2gXBY_br1rPRqZinHRTbAyCVX7QbU77VUP9SHBUAUuvbzliNZwvXvb8oTQRjHPGx-WK_YojXFe_GfoDfLeiiQ=w114-h86-k-no
Dalat City Flower Garden,"02 Tran Nhan Tong Street, Ward 8, Da Lat, Lam Dong",4.2,Landmarks,"A large park showcasing a vast collection of flowers and plants, including orchids, roses, and hydrangeas.",Da Lat,https://lh3.googleusercontent.com/p/AF1QipM4PFnWRXyha12Bukc-9RB98WJSkk-jYPmZb0HZ=w129-h86-k-no
St. Nicholas Cathedral of Da Lat,"15 Tran Phu Street, Ward 3, Da Lat, Lam Dong",4.6,Shrines/Temples,"The main Catholic cathedral of Da Lat, famous for its neo-Romanesque style and the rooster on its steeple.",Da Lat,https://lh3.googleusercontent.com/gps-cs-s/AG0ilSykjJz6i_AAoeu3JhCK2oNzj95cowYgrZYoUkG-3yrUstRIG7X_CzehMFVq2sVYjBzcY42bYqrj1T8BkTkpqyGeEFCjOg4NCk2BNKFEL6g7OUkvUE2o5QptIEIdPLmLF-83aXccmw=w32-h32-p-k-no
Mong Mo Hill Tourist Area,"5 Mai Anh Dao Street, Ward 8, Da Lat, Lam Dong",4.3,Landmarks,"'Dreamy Hill.' A romantic park with themed gardens, cultural shows, a 'miniature Great Wall,' and views of the Valley of Love.",Da Lat,https://lh3.googleusercontent.com/gps-cs-s/AG0ilSydru3ByrIZrLSjGqWJoRTues-vV0qr0HsBvYmwa3rWIbGuQlNzz-Y3eVIkB9r-kh_5pZrSmPkx3TqCCEBvlOVmJ1J1P1Nra5IlGsagPq7sIwYemhE8pS_k8kCqRq4OYmR8o-uLUhg6070=w32-h32-p-k-no
Hydrangea Field,"Trai Mat Area, Ward 11, Da Lat, Lam Dong",4.2,Landmarks,"A large flower farm in the Trai Mat area, famous for its vast, picturesque fields of hydrangea flowers.",Da Lat,https://lh3.googleusercontent.com/gps-cs-s/AG0ilSymydU2mARj_qHtxmZ1oIeTH1QJ_Uh2lymNaNdiQZxsk-U_qvslJjHUdTfYSbyllFWZom1niHI6GUt8-ADa79CMXpY2DmbfGpuOg2a-_bkOLsB-W9ck9t_t0qWLfPLj4c3Lw5Fkaw=w32-h32-p-k-no
Van Hanh Zen Monastery,"39 Phu Dong Thien Vuong Street, Ward 8, Da Lat, Lam Dong",4.5,Shrines/Temples,A Buddhist monastery known for its 24-meter high golden statue of a seated Buddha (Sakyamuni Thich Ca).,Da Lat,https://lh3.googleusercontent.com/gps-cs-s/AG0ilSznEe-vGUnJFejZClzkwEdpVO9Fi3YkxBhw5Qcg0Ri8tZM2NecFzJDjGDM9OPNGBFzEPPpCA9kpFTNEt22Q2aNO55mq1Xs2tWe8u2oBetteb8PlyQZfjgrct9iOtvBm_VIBi7DO=w116-h86-k-no
Cao Dai Temple of Da Lat,"To Phuoc, Ward 11, Da Lat, Lam Dong",4.7,Shrines/Temples,"A local temple for Cao Dai (Caodaism), a Vietnamese religion that synthesizes elements from many faiths.",Da Lat,https://lh3.googleusercontent.com/gps-cs-s/AG0ilSyuzxyIjpbVa_iptscFtSbxkzKsC6XMfFmLBSaLtQjgyUXyYXX4kCyHZ7WEadW1byoAHqFuBwQUnzaQb48qayEnCwpC9w7UvdSHG5Ujcr_cBKLXG0zhFGRoQNQ408g653PYOuSCiA=w32-h32-p-k-no
Crazy House - Hang Nga Villa,"03 Huynh Thuc Khang Street, Ward 4, Da Lat, Lam Dong",4.3,Landmarks,"An unconventional guesthouse and art gallery with a surreal, organic design, resembling a giant tree and fantasy landscape.",Da Lat,https://lh3.googleusercontent.com/gps-cs-s/AG0ilSyp10JfXUflj6p3qTmIi3xCjgwiUZbCwbvuGB0yh_kkPXnwaqw0OoBZoibdH1vhbhMawWrIGw4pqGPkxMGAJZe799fgyJC68EaZOHgomQPQ732KXhwCdM3BKRyp5lsid7Gi552Y=w32-h32-p-k-no
Hong Dalat Valley,"Van Thanh - Suoi Hon, Da Lat, Lam Dong",4.7,Landmarks,A large rose garden and flower nursery located in Van Thanh Flower Village.,Da Lat,https://lh3.googleusercontent.com/p/AF1QipNbK3SrKBwb8quL6pKyrrDFUW-W2r7c0WKyuif5=w32-h32-p-k-no
Da Lat Market,"Nguyen Thi Minh Khai Street, Ward 1, Da Lat, Lam Dong",4.5,Landmarks,"The main central market, bustling with vendors selling local produce, flowers, and specialties. Famous for its lively night market.",Da Lat,
Fresh Garden Dalat,"90B Van Thanh, Ward 5, Da Lat, Lam Dong",4.2,Landmarks,"A large, colorful tourist garden filled with flower arrangements, themed photo spots, and large-scale sculptures.",Da Lat,https://lh3.googleusercontent.com/p/AF1QipMNB2YBTAmd26el7qEQUiDMnr4NqJhQKKXTEwMO=w32-h32-p-k-no
QUE Garden,"Van Thanh, Ward 5, Da Lat, Lam Dong",4.8,Landmarks,"A Japanese-themed garden and cafe, known for its collection of bonsai trees, koi pond, and tranquil atmosphere.",Da Lat,
Yersin Park,"Yersin Park, Ward 1, Da Lat, Lam Dong",4.3,Landmarks,"A public park located near Xuan Huong Lake, named after the famous physician Alexandre Yersin, who founded Da Lat.",Da Lat,https://lh3.googleusercontent.com/p/AF1QipPX3Mjd5Yh142Y4EOn_VaVrJgSwJW6amlVlkxmr=w32-h32-p-k-no
Light Park,"1 Ap Anh Sang Park, Nguyen Van Cu Street, Ward 1, Da Lat, Lam Dong",4.0,Landmarks,"A public park in the city center known for its fountain, landscaping, and evening lights.",Da Lat,https://lh3.googleusercontent.com/p/AF1QipOMqEmkcOlD2ZS_9V5uOk8ILtKF6BKhShtpWE8=w129-h86-k-no
Linh An Pagoda,"Ba Dinh, Nam Ban Town, Lam Ha District, Lam Dong",4.7,Shrines/Temples,"A large pagoda outside Da Lat, famous for its massive, 71-meter tall statue of Quan Yin (Bodhisattva of Mercy) and a giant laughing Buddha statue.",Da Lat,https://lh3.googleusercontent.com/gps-cs-s/AG0ilSxh_VF8fzHkRMAl1WfjqV3mdL4GbkYHdTtuP9AzIMbTmulO4KEKkPKujbnU3l2y-yTmPRgeDZw_I7yW1yC_J0Xom4qeFXtToBbsk5AXCvlMoheTig_vlkBOJDbFyA7-XxuwKla09Q=w114-h86-k-no
Cai Rang Floating Market,"An Binh Ward, Ninh Kieu District",4.1,Landmarks,"The largest and most famous floating market in the Mekong Delta, where locals trade fruits, vegetables, and goods from boats.",Can Tho ,https://lh3.googleusercontent.com/gps-cs-s/AG0ilSwLnXsy1WM4LguvhLII8Bsx6FT3TrpbJ_laEo9MUwARxED9H3PLj255afsjEzlKgamWRBYXPyGSUC73YaohfzoCTN0FMP8BCxnV9uYb4sMvoA0z_xsuG9sxPC3df8xMn_eTZsEZrX8XNsvN=w32-h32-p-k-no
Ninh Kieu Wharf,"106 Hai Ba Trung Street, Tan An Ward, Ninh Kieu District",4.4,Landmarks,"A scenic riverside park and boat pier in the center of Can Tho, popular for evening strolls, boat tours, and floating restaurants.",Can Tho ,https://lh3.googleusercontent.com/gps-cs-s/AG0ilSwIbI4u_J9F9pa5x1jpJFxMB5soOzfaN-cJJ6ZODUYPrmcCVtTPBcPmgpLlZEKKCAQHSnEw3WtzVz8sYv77h2kZqEPHLnQsuieiLucY0sN6xf4REtJTJ3EjyHveIp1Q28S4u2pX=w32-h32-p-k-no
Truc Lam Phuong Nam Zen Monastery,"Provincial Road 923, My Khanh Commune, Phong Dien District",4.6,Shrines/Temples,"The largest Zen monastery in the Mekong Delta, known for its grand, traditional Vietnamese Buddhist architecture.",Can Tho ,https://lh3.googleusercontent.com/gps-cs-s/AG0ilSwtnFfN_NNmjQKHZQAWzWZZ5DSRgD4oqAWcnl7k2SXAcLr3C02YwLOWHIX6VNOFG60MUUs9TwxwgNdJ40zJSqorPbVENB2QWETgDkDdka0BvE5vUswKSJzjiTdLkiQ4ixcEGyPu=w32-h32-p-k-no
My Khanh Tourist Village,"335 My Nhon Hamlet, My Khanh Commune, Phong Dien District",4.0,Landmarks,"An eco-tourism village offering a glimpse of rural Mekong Delta life, with fruit orchards, folk games, and a small zoo.",Can Tho ,https://lh3.googleusercontent.com/p/AF1QipPAeS9Bl-Unb0CXB-87EIhaaNTiR93yK2c-AXf8=w32-h32-p-k-no
Can Tho Museum,"1 Hoa Binh Avenue, Tan An Ward, Ninh Kieu District",4.2,Museums,"A large museum showcasing the history, culture, and achievements of Can Tho city and the surrounding Mekong Delta region.",Can Tho ,https://lh3.googleusercontent.com/gps-cs-s/AG0ilSzTsOxOBVCH3g0AyNJ8bmmB59ZlMvp8PbjRholXFILxSnw0hOYMQU4Q7oND2wF5hirSDXxi0QB4EjbMsTXnN_xOig_uLCsdFDC8WcAtB8KIdnpGti_JLCGmEN05VVewf0GIJJ26=w32-h32-p-k-no
Hung King Temple,"Vo Van Kiet Street, Binh Thuy Ward, Binh Thuy District",4.6,Shrines/Temples,"A newly built, large-scale temple complex dedicated to the Hung Kings, the legendary founders of Vietnam.",Can Tho ,
Can Tho Love Bridge,"Ninh Kieu Pedestrian Bridge, Tan An Ward, Ninh Kieu District",4.6,Landmarks,"A pedestrian bridge near Ninh Kieu Wharf, famous for its colorful evening lights and 'love locks' left by couples.",Can Tho ,https://lh3.googleusercontent.com/gps-cs-s/AG0ilSyAVVyLvXAHAEfD2quWxSJhub91U1vkbdBWeUMVsWgHaQJp0EcoLWj5JbrUy-vjKxjJ0_xMEpcAtCcOU5WrR7J9BiyPdx7tDqG-2Aj8znLnhrIaoB1K6QbQz-IW-ux5MLwNTSwzPIn7SBQ=w32-h32-p-k-no
Can Tho Market,"136 Hai Ba Trung Street, Tan An Ward, Ninh Kieu District",4.2,Landmarks,"The main indoor market in Can Tho, located in a historic building. Sells fresh produce, local goods, and souvenirs.",Can Tho ,
Binh Thuy ancient house,"144 Bui Huu Nghia Street, Binh Thuy Ward, Binh Thuy District",4.0,Museums,"A well-preserved 19th-century house (Nha Co Binh Thuy) blending French, Chinese, and Vietnamese architecture. Famous as a filming location for 'The Lover'.",Can Tho ,https://lh3.googleusercontent.com/gps-cs-s/AG0ilSwf7cfTG78oVCfQ3xCjOVxnslY-oAtT6-qoa7lZnqWYJ4j7DwEiXLQV_OAS5Zq8QovUhsSrJEW2Xa7G-To7fJ_75EVOwwBUpAjjyFd736TyaSnjwS2ZFPV5ujMbJqWDTfRZ1TLF=w32-h32-p-k-no
Linh Mekong Tour Can Tho,"14/32 Ly Tu Trong Street, Thoi Binh Ward, Ninh Kieu District",5.0,Landmarks,A highly-rated local tour operator specializing in floating market and Mekong Delta boat tours.,Can Tho ,https://lh3.googleusercontent.com/gps-cs-s/AG0ilSz8ixSKHmUpzUlJbHMsuWwRM3PpqkgFwDQ5oitydhNkP0pFDg8jKAMXqL1FzWh6J5NK8F0pdGkubReMt-wlZcXxyS5uDBji_DZveFubqCUSstfTObjXIIYPHL7JVbQWQ3h1xr65=w32-h32-p-k-no
Ong Pagoda (Quang Trieu Assembly Hall),"32 Hai Ba Trung Street, Tan An Ward, Ninh Kieu District",4.6,Shrines/Temples,"A vibrant 19th-century Chinese pagoda, notable for its intricate woodcarvings, colorful decorations, and incense coils.",Can Tho ,
Mekong Delta River,"Hung Phu Ward, Ninh Kieu District",4.5,Landmarks,"A general reference to the Mekong River, which is the lifeblood of the region, encompassing the floating markets and islands.",Can Tho ,https://lh3.googleusercontent.com/gps-cs-s/AG0ilSwxncj-ZwylIBf54hrzNuRD-jvwPwpA6F6G8cC6CW2jkekw9UhZn22dLQNkFmBvKcqNklb67IDVA3AGcJi_ZgKsc5OE7IvZ_xWad4E_u2wkKK8WziiKm4eTlfzjZwcRjxyGuGO0=w32-h32-p-k-no
Military Zone 9 Museum,"6 Hoa Binh Avenue, Tan An Ward, Ninh Kieu District",4.4,Museums,"A museum displaying artifacts, weapons, and vehicles from the Vietnam War, focusing on the military history of the Mekong Delta (Military Region 9).",Can Tho ,https://lh3.googleusercontent.com/gps-cs-s/AG0ilSzRHd1F0Rl3D1xHSOg-YUIlDgtLLp5KLrmEhIUmbs9nCN1Vyqe3k2uss7B71Or34RpRBX28YJbz7mB3OMCM7jX6kTi_-ENQr7NPYFY3is0tCGJPtL1cRRoxjRUt3kn1glM8Kdz1=w32-h32-p-k-no
Relic Park Plums,"Ta Thi Phi Street, An Binh Ward, Binh Thuy District",4.2,Landmarks,"A local eco-garden or orchard where visitors can see and pick plum fruits, popular during the harvest season.",Can Tho ,https://lh3.googleusercontent.com/gps-cs-s/AG0ilSybR3C0b81AsgJCHfZ0hxUI3IpJ-TjoLZv4myuRY3MpHgR0QGY1Cf2RB05m_UjJNB3nscWx4ca8-pPwW9CxcujUH4mr-VR9n4s0ggm22CqtEL0w7HEyGfc_jqID6mB-hOsYiddBTM2cJK8=w32-h32-p-k-no
Bang Lang Stork Sanctuary,"Thuan An Ward, Thot Not District",3.8,Landmarks,"A large bird sanctuary (Vuon Co Bang Lang) where thousands of storks, herons, and other birds gather, best viewed at dawn or dusk.",Can Tho ,https://lh3.googleusercontent.com/gps-cs-s/AG0ilSxwICwFSMP0Hl1IeQ6_d4OKlsFCDgmOQNGEqTIPusvuojGwLEMXrgLwv3AOU3jeUFW9gd0sdJC4tSoi-3qEjZiiqCn2152fiyjU8_KA13SJlLoSArk2yOdcCyIIfJInX48JNqQY=w32-h32-p-k-no
Museum of Tarot,"44 Nguyen Khuyen Street, Tan An Ward, Ninh Kieu District",4.6,Museums,"A unique museum dedicated to the history, art, and symbolism of Tarot cards from around the world.",Can Tho ,https://lh3.googleusercontent.com/gps-cs-s/AG0ilSyKvEKXimZu5Ssfg9uZ27_ZesJow_y1qSvtrPdk4jy8xF7Rjl8a9b8Ri5Xgrp8apWGXeQyE18CiY4gDJii4K8-Pq5g_eXLPC4J-y88adY3jL6cRle2UKOAmassWMhn6CmgRKJ3fFA=w128-h86-k-no
Muniransay Khmer Buddhist Temple,"36 Hoa Binh Avenue, Tan An Ward, Ninh Kieu District",4.4,Shrines/Temples,"A prominent Khmer Buddhist temple (Wat Munirangsay) in the city center, known for its vibrant, ornate Theravada architecture.",Can Tho ,https://lh3.googleusercontent.com/gps-cs-s/AG0ilSxC8RLNMSrAop_tav1BI6rKiXlgZuPskooPnYB-bcNqPzmln5m1eUEBvCd9SnVYzW_kVIKjG0qu464H1dXgqWGKQz1lQj7tQhZaub-xh5_ZoE13pJE1XckQbD7ZW6pLFVfy81Cl=w32-h32-p-k-no
Tuan Tuong Eco-Garden,"693 Nhon Loc 1A Hamlet, Phong Dien Town, Phong Dien District",4.6,Landmarks,"A local eco-garden and restaurant in Phong Dien, offering fresh fruit, local cuisine, and a tranquil, rural atmosphere.",Can Tho ,https://lh3.googleusercontent.com/gps-cs-s/AG0ilSyZ4pOBaCd5OYXqs_opwu1-cRknZxeJyr8YLoOpPuTEUwqNUMq2h5Cy7WdYWsJoUdIUjFc27X3w245kAnqAMcVdVKnCyd8y0t2G9voBivWmqzvb4DzmOY9EYVFPihEJA8Kh00okKc3umKKq=w32-h32-p-k-no
Ho Chi Minh Monument,"24 Hai Ba Trung Street, Tan An Ward, Ninh Kieu District",4.6,Landmarks,"A large bronze statue of Ho Chi Minh located at Ninh Kieu Wharf, a major city landmark.",Can Tho ,
Poet Phan Van Tri's Tomb Historical Site,"Phong Dien Town, Phong Dien District",4.3,Museums,"A historical site and tomb dedicated to Phan Van Tri, a prominent 19th-century patriotic poet.",Can Tho ,https://lh3.googleusercontent.com/gps-cs-s/AG0ilSzRESFc2AeLrxHQqo16fOtptuBCkyHrGDV7KFj9PbR6TZydoLUMs8M9cgDLX8keUmAT9pa_S1iRvGXKfNqWXo0pa9w59WVaoI8sUT4XGVZnrVjc4WZfdRFYbAbN7z7V4mZunnVC=w32-h32-p-k-no
Ngoc Huong My Khanh Dragon Fruit Garden,"37, Group 15, My Nhon Hamlet, My Khanh Commune, Phong Dien District",4.8,Landmarks,"A local farm specializing in growing dragon fruit, open to visitors for tours and tasting.",Can Tho ,https://lh3.googleusercontent.com/gps-cs-s/AG0ilSwhyvUr28cHVbSO00FQ6hlhwBqpq7BX7zBq9dcKWO5gq_acEY26f_fo4sbh_b5znSzwk3txhv_iicr7f0O0vv8b-cUWRa6EM-xSgws_7tP4QZa_1BNJqO7opaetf46Ql6bST5yZ=w32-h32-p-k-no
Cai Rang Floating Market,"An Binh Ward, Ninh Kieu District",4.1,Landmarks,"The largest and most famous floating market in the Mekong Delta, where locals trade fruits, vegetables, and goods from boats.",Can Tho ,https://lh3.googleusercontent.com/gps-cs-s/AG0ilSwLnXsy1WM4LguvhLII8Bsx6FT3TrpbJ_laEo9MUwARxED9H3PLj255afsjEzlKgamWRBYXPyGSUC73YaohfzoCTN0FMP8BCxnV9uYb4sMvoA0z_xsuG9sxPC3df8xMn_eTZsEZrX8XNsvN=w32-h32-p-k-no
Ninh Kieu Wharf,"106 Hai Ba Trung Street, Tan An Ward, Ninh Kieu District",4.4,Landmarks,"A scenic riverside park and boat pier in the center of Can Tho, popular for evening strolls, boat tours, and floating restaurants.",Can Tho ,https://lh3.googleusercontent.com/gps-cs-s/AG0ilSwIbI4u_J9F9pa5x1jpJFxMB5soOzfaN-cJJ6ZODUYPrmcCVtTPBcPmgpLlZEKKCAQHSnEw3WtzVz8sYv77h2kZqEPHLnQsuieiLucY0sN6xf4REtJTJ3EjyHveIp1Q28S4u2pX=w32-h32-p-k-no
Truc Lam Phuong Nam Zen Monastery,"Provincial Road 923, My Khanh Commune, Phong Dien District",4.6,Shrines/Temples,"The largest Zen monastery in the Mekong Delta, known for its grand, traditional Vietnamese Buddhist architecture.",Can Tho ,https://lh3.googleusercontent.com/gps-cs-s/AG0ilSwtnFfN_NNmjQKHZQAWzWZZ5DSRgD4oqAWcnl7k2SXAcLr3C02YwLOWHIX6VNOFG60MUUs9TwxwgNdJ40zJSqorPbVENB2QWETgDkDdka0BvE5vUswKSJzjiTdLkiQ4ixcEGyPu=w32-h32-p-k-no
My Khanh Tourist Village,"335 My Nhon Hamlet, My Khanh Commune, Phong Dien District",4.0,Landmarks,"An eco-tourism village offering a glimpse of rural Mekong Delta life, with fruit orchards, folk games, and a small zoo.",Can Tho ,https://lh3.googleusercontent.com/p/AF1QipPAeS9Bl-Unb0CXB-87EIhaaNTiR93yK2c-AXf8=w32-h32-p-k-no
Can Tho Museum,"1 Hoa Binh Avenue, Tan An Ward, Ninh Kieu District",4.2,Museums,"A large museum showcasing the history, culture, and achievements of Can Tho city and the surrounding Mekong Delta region.",Can Tho ,https://lh3.googleusercontent.com/gps-cs-s/AG0ilSzTsOxOBVCH3g0AyNJ8bmmB59ZlMvp8PbjRholXFILxSnw0hOYMQU4Q7oND2wF5hirSDXxi0QB4EjbMsTXnN_xOig_uLCsdFDC8WcAtB8KIdnpGti_JLCGmEN05VVewf0GIJJ26=w32-h32-p-k-no
Hung King Temple,"Vo Van Kiet Street, Binh Thuy Ward, Binh Thuy District",4.6,Shrines/Temples,"A newly built, large-scale temple complex dedicated to the Hung Kings, the legendary founders of Vietnam.",Can Tho ,
Can Tho Love Bridge,"Ninh Kieu Pedestrian Bridge, Tan An Ward, Ninh Kieu District",4.6,Landmarks,"A pedestrian bridge near Ninh Kieu Wharf, famous for its colorful evening lights and 'love locks' left by couples.",Can Tho ,https://lh3.googleusercontent.com/gps-cs-s/AG0ilSyAVVyLvXAHAEfD2quWxSJhub91U1vkbdBWeUMVsWgHaQJp0EcoLWj5JbrUy-vjKxjJ0_xMEpcAtCcOU5WrR7J9BiyPdx7tDqG-2Aj8znLnhrIaoB1K6QbQz-IW-ux5MLwNTSwzPIn7SBQ=w32-h32-p-k-no
Can Tho Market,"136 Hai Ba Trung Street, Tan An Ward, Ninh Kieu District",4.2,Landmarks,"The main indoor market in Can Tho, located in a historic building. Sells fresh produce, local goods, and souvenirs.",Can Tho ,
Binh Thuy ancient house,"144 Bui Huu Nghia Street, Binh Thuy Ward, Binh Thuy District",4.0,Museums,"A well-preserved 19th-century house (Nha Co Binh Thuy) blending French, Chinese, and Vietnamese architecture. Famous as a filming location for 'The Lover'.",Can Tho ,https://lh3.googleusercontent.com/gps-cs-s/AG0ilSwf7cfTG78oVCfQ3xCjOVxnslY-oAtT6-qoa7lZnqWYJ4j7DwEiXLQV_OAS5Zq8QovUhsSrJEW2Xa7G-To7fJ_75EVOwwBUpAjjyFd736TyaSnjwS2ZFPV5ujMbJqWDTfRZ1TLF=w32-h32-p-k-no
Ong Pagoda (Quang Trieu Assembly Hall),"32 Hai Ba Trung Street, Tan An Ward, Ninh Kieu District",4.6,Shrines/Temples,"A vibrant 19th-century Chinese pagoda, notable for its intricate woodcarvings, colorful decorations, and incense coils.",Can Tho ,
Mekong Delta River,"Hung Phu Ward, Ninh Kieu District",4.5,Landmarks,"A general reference to the Mekong River, which is the lifeblood of the region, encompassing the floating markets and islands.",Can Tho ,https://lh3.googleusercontent.com/gps-cs-s/AG0ilSwxncj-ZwylIBf54hrzNuRD-jvwPwpA6F6G8cC6CW2jkekw9UhZn22dLQNkFmBvKcqNklb67IDVA3AGcJi_ZgKsc5OE7IvZ_xWad4E_u2wkKK8WziiKm4eTlfzjZwcRjxyGuGO0=w32-h32-p-k-no
Military Zone 9 Museum,"6 Hoa Binh Avenue, Tan An Ward, Ninh Kieu District",4.4,Museums,"A museum displaying artifacts, weapons, and vehicles from the Vietnam War, focusing on the military history of the Mekong Delta (Military Region 9).",Can Tho ,https://lh3.googleusercontent.com/gps-cs-s/AG0ilSzRHd1F0Rl3D1xHSOg-YUIlDgtLLp5KLrmEhIUmbs9nCN1Vyqe3k2uss7B71Or34RpRBX28YJbz7mB3OMCM7jX6kTi_-ENQr7NPYFY3is0tCGJPtL1cRRoxjRUt3kn1glM8Kdz1=w32-h32-p-k-no
Relic Park Plums,"Ta Thi Phi Street, An Binh Ward, Binh Thuy District",4.2,Landmarks,"A local eco-garden or orchard where visitors can see and pick plum fruits, popular during the harvest season.",Can Tho ,https://lh3.googleusercontent.com/gps-cs-s/AG0ilSybR3C0b81AsgJCHfZ0hxUI3IpJ-TjoLZv4myuRY3MpHgR0QGY1Cf2RB05m_UjJNB3nscWx4ca8-pPwW9CxcujUH4mr-VR9n4s0ggm22CqtEL0w7HEyGfc_jqID6mB-hOsYiddBTM2cJK8=w32-h32-p-k-no
Bang Lang Stork Sanctuary,"Thuan An Ward, Thot Not District",3.8,Landmarks,"A large bird sanctuary (Vuon Co Bang Lang) where thousands of storks, herons, and other birds gather, best viewed at dawn or dusk.",Can Tho ,https://lh3.googleusercontent.com/gps-cs-s/AG0ilSxwICwFSMP0Hl1IeQ6_d4OKlsFCDgmOQNGEqTIPusvuojGwLEMXrgLwv3AOU3jeUFW9gd0sdJC4tSoi-3qEjZiiqCn2152fiyjU8_KA13SJlLoSArk2yOdcCyIIfJInX48JNqQY=w32-h32-p-k-no
Museum of Tarot,"44 Nguyen Khuyen Street, Tan An Ward, Ninh Kieu District",4.6,Museums,"A unique museum dedicated to the history, art, and symbolism of Tarot cards from around the world.",Can Tho ,https://lh3.googleusercontent.com/gps-cs-s/AG0ilSyKvEKXimZu5Ssfg9uZ27_ZesJow_y1qSvtrPdk4jy8xF7Rjl8a9b8Ri5Xgrp8apWGXeQyE18CiY4gDJii4K8-Pq5g_eXLPC4J-y88adY3jL6cRle2UKOAmassWMhn6CmgRKJ3fFA=w128-h86-k-no
Muniransay Khmer Buddhist Temple,"36 Hoa Binh Avenue, Tan An Ward, Ninh Kieu District",4.4,Shrines/Temples,"A prominent Khmer Buddhist temple (Wat Munirangsay) in the city center, known for its vibrant, ornate Theravada architecture.",Can Tho ,https://lh3.googleusercontent.com/gps-cs-s/AG0ilSxC8RLNMSrAop_tav1BI6rKiXlgZuPskooPnYB-bcNqPzmln5m1eUEBvCd9SnVYzW_kVIKjG0qu464H1dXgqWGKQz1lQj7tQhZaub-xh5_ZoE13pJE1XckQbD7ZW6pLFVfy81Cl=w32-h32-p-k-no
Ho Chi Minh Monument,"24 Hai Ba Trung Street, Tan An Ward, Ninh Kieu District",4.6,Landmarks,"A large bronze statue of Ho Chi Minh located at Ninh Kieu Wharf, a major city landmark.",Can Tho ,
Poet Phan Van Tri's Tomb Historical Site,"Phong Dien Town, Phong Dien District",4.3,Museums,"A historical site and tomb dedicated to Phan Van Tri, a prominent 19th-century patriotic poet.",Can Tho ,https://lh3.googleusercontent.com/gps-cs-s/AG0ilSzRESFc2AeLrxHQqo16fOtptuBCkyHrGDV7KFj9PbR6TZydoLUMs8M9cgDLX8keUmAT9pa_S1iRvGXKfNqWXo0pa9w59WVaoI8sUT4XGVZnrVjc4WZfdRFYbAbN7z7V4mZunnVC=w32-h32-p-k-no
Ngoc Huong My Khanh Dragon Fruit Garden,"37, Group 15, My Nhon Hamlet, My Khanh Commune, Phong Dien District",4.8,Landmarks,"A local farm specializing in growing dragon fruit, open to visitors for tours and tasting.",Can Tho ,https://lh3.googleusercontent.com/gps-cs-s/AG0ilSwhyvUr28cHVbSO00FQ6hlhwBqpq7BX7zBq9dcKWO5gq_acEY26f_fo4sbh_b5znSzwk3txhv_iicr7f0O0vv8b-cUWRa6EM-xSgws_7tP4QZa_1BNJqO7opaetf46Ql6bST5yZ=w32-h32-p-k-no
Quang Ninh Gate Tourist Attraction,"Noi Bai - Ha Long Expressway, Binh Duong, Dong Trieu, Quang Ninh",4.0,Landmarks,"A large rest stop and tourist complex on the expressway, designed as a gateway to Quang Ninh province with shops and services.",Quang Ninh,https://lh3.googleusercontent.com/p/AF1QipM8JI-diSq9uEiBvHX6tpPrGNXpK-lHHEwOcnE_=w32-h32-p-k-no
Thien Cung Cave,"Ha Long Bay, Ha Long City, Quang Ninh",4.8,Landmarks,"'Heavenly Palace Cave.' A large cave on Dau Go Island in Ha Long Bay, famous for its magnificent stalactites and stalagmites.",Quang Ninh,
Dau Go Cave,"Cat Hai, Hai Phong",4.5,Landmarks,"'Wooden Stakes Cave.' A large cave on Dau Go Island, near Thien Cung, historically linked to General Tran Hung Dao's victory at the Battle of Bach Dang.",Quang Ninh,https://lh3.googleusercontent.com/gps-cs-s/AG0ilSyXIHCtlbpAa6L6Q_knzkwGuZfYmyeL795eZyhoIIk3NtnvTocX8buIG2bWlfY4JRWPIqnBYXWjvhlZ4Q3NKuJLocCKB7DKztBpeJonJjGwF8ocQPm6AGagFyiheac-TOGKHawoIzKZiHbi=w32-h32-p-k-no
Cai Bau Pagoda,"Hamlet 1, Van Don, Quang Ninh",4.6,Shrines/Temples,"Also known as Truc Lam Giac Tam Zen Monastery, this is a large, scenic pagoda complex in Van Don overlooking Bai Tu Long Bay.",Quang Ninh,https://lh3.googleusercontent.com/gps-cs-s/AG0ilSxdrKSUvPTsuxf6bxTYemngkjryEpA9fYpeGFV0MyK8DH8mcYU8nIjHFW-MqZLX3om4Y8am9djhuDJRHBEYLK1a8IR6lXkuw26ViPIgQgKYdN6SXWCGoTOeyCbPKuz9WzUfRP0i=w86-h114-k-no
Bai Tho Mountain,"Hang Noi, Hong Gai Ward, Ha Long, Quang Ninh",4.2,Landmarks,"'Poem Mountain.' A limestone mountain in Ha Long City, famous for a 15th-century poem carved by King Le Thanh Tong. Offers panoramic bay views.",Quang Ninh,https://lh3.googleusercontent.com/gps-cs-s/AG0ilSwJdXq6dX6dyU8EwVeDjD0X7nKYp98NRrk7jil0UZTZrds-qNtFeaCDH6CKfFagy71Taj7CfIpJQEKIbUB_UaHFul9-ICtpALTBjC_WoblShyUZscsO5Pw0PlnAAtwuRunRWoYt=w86-h107-k-no
Old Bai Chay Lighthouse,"2 Ha Long Street, Bai Chay Ward, Ha Long, Quang Ninh",4.4,Landmarks,"A historic lighthouse, now a popular photo spot, offering views of the Bai Chay Bridge and Ha Long Bay.",Quang Ninh,
Thanh Dang Mountain,"Thanh Son Ward, Uong Bi City, Quang Ninh",4.9,Landmarks,"A mountain in Uong Bi, part of the Yen Tu range. It is the location of the famous Ba Vang Pagoda.",Quang Ninh,
Yen Tu Mountain,"Thuong Yen Cong Commune, Uong Bi City, Quang Ninh",4.5,Shrines/Temples,"A sacred Buddhist mountain range, the cradle of Truc Lam Zen Buddhism, featuring a complex of pagodas and temples accessible by cable car.",Quang Ninh,https://lh3.googleusercontent.com/gps-cs-s/AG0ilSyTLTWnPXUwdbrh5khDpEoFsyHlsumVvJBVla4ivwa6bGbtw7pnKpk0q_OgG-PgzbJQoC_HHIlt2Woz6yK-ansX1b5cejNalFHa9cYwErFt52TrslJnPhexHFkixnmGLI6Eij0E=w32-h32-p-k-no
Ba Vang Pagoda,"Group 17B, Area 5A, Quang Trung Ward, Uong Bi City, Quang Ninh",4.5,Shrines/Temples,"A large, well-known Buddhist pagoda complex located on Thanh Dang Mountain, attracting many pilgrims.",Quang Ninh,https://lh3.googleusercontent.com/p/AF1QipPNFDvjINCkU5qQoE1wXJYcxfwymF0kOiBSuz10=w32-h32-p-k-no
Khe Van Waterfall,"Huc Dong Commune, Binh Lieu District, Quang Ninh",4.3,Landmarks,"A scenic, multi-tiered waterfall in the mountainous Binh Lieu District, a popular destination for trekking and nature lovers.",Quang Ninh,https://lh3.googleusercontent.com/gps-cs-s/AG0ilSxEGji8ulbjmo4zKl6SmI0_g-Y0xzQI0Mdr7ujcgmmdwLSIQJzVbq7Kikv9ftEAg5j0itHFhlrnrlso3HAEP4zB_Sbd8N-_FaGvI0Vk6e6Fe2FtkUeez7XM5B9b5ISWAg8Wg-8W=w32-h32-p-k-no
Man Mountain,"Thong Nhat Commune, Hoanh Bo, Quang Ninh",4.3,Landmarks,"A mountain in the Hoanh Bo area (now part of Ha Long City), offering natural scenery and hiking opportunities.",Quang Ninh,
Sun World Halong Park,"9 Ha Long Street, Bai Chay Ward, Ha Long, Quang Ninh",4.4,Landmarks,"A large amusement park complex featuring the Queen Cable Car, Sun Wheel, Zen Garden, and a dragon-themed park.",Quang Ninh,https://lh3.googleusercontent.com/gps-cs-s/AG0ilSyaYti-DzATuXRBjWVrBQZjnR_nRet2DzZNfFPmNs3OSz6q44sHnFPYdMOMbTaRc-alY8kbRgBeAZY7QJjwaO8-6g7k3M54UGr2ZJ3X_cgMTomCMkLHhuABmZB6gJ2iRZghvp5nOi32kJGQ=w86-h114-k-no
Sung Sot Cave,"Ha Long Bay, Ha Long City, Quang Ninh",4.5,Landmarks,"'Surprise Cave.' One of the largest and most famous caves in Ha Long Bay, located on Bo Hon Island, featuring three large chambers.",Quang Ninh,https://lh3.googleusercontent.com/gps-cs-s/AG0ilSyKkTlj8q9Ya2GGZ7i9f4jmtnvV3VOTtqAq6sLixYuXfiOEGVDP_llkz62oIdEZ08hlQYZ3u6XeaMByMnFVNGuKrcAi6Wu-jFvue_awhzV_Ipsf_qe42O7ZRlN20wjjQ32XR5I=w32-h32-p-k-no
Sun Marina Ha Long,"Ke Quan, Tuan Chau Ward, Ha Long, Quang Ninh",4.7,Landmarks,"A modern, large-scale international marina and harbor for tourist cruises and yachts, located on Tuan Chau Island.",Quang Ninh,https://lh3.googleusercontent.com/p/AF1QipNE7wOp9xeaSchFfCj1d0nhOJMqJc18GqHiE721=w32-h32-p-k-no
An Sinh Temple,"An Sinh Commune, Dong Trieu, Quang Ninh",4.4,Shrines/Temples,"A historical temple in Dong Trieu, part of a complex dedicated to the kings and ancestors of the Tran Dynasty.",Quang Ninh,
Cai Chien Island,"Cai Chien Commune, Hai Ha District, Quang Ninh",4.2,Landmarks,"A remote island known for its pristine beaches, clear waters, and developing eco-tourism, offering a peaceful getaway.",Quang Ninh,
Halong View Tower,"Bai Chay Ward, Ha Long City, Quang Ninh",4.3,Landmarks,"Likely referring to the Sun Wheel, a large Ferris wheel in the Sun World complex that functions as an observation tower.",Quang Ninh,
Lang Cang Waterfall,"Don Dac Commune, Ba Che District, Quang Ninh",4.2,Landmarks,"A natural waterfall in the remote Ba Che District, known for its scenic beauty in the middle of a forest.",Quang Ninh,https://lh3.googleusercontent.com/gps-cs-s/AG0ilSwbGi9XQBENOtKg5-TSU0MpYHNua9KlCNJSB_5vuzC3SagM0A5BbceD9PhzoqbX0kShqCl_8rW_-eRhWpIVJWaTmbu1xEsdDRqQmSthgsML7RHOibeiySwJKrs_EQKE_OJEj45syQ=w159-h86-k-no
Zen Garden,"Dang Ba Hat Street, Hong Gai Ward, Ha Long, Quang Ninh",4.4,Landmarks,"A Japanese-style garden located on Ba Deo Hill within the Sun World Halong Park complex, accessible via the Queen Cable Car.",Quang Ninh,https://lh3.googleusercontent.com/gps-cs-s/AG0ilSxkqVXv1RlVHthwcEHn9GO9DSAQEQBN8mn31y6-8RdPc_0sQs6D0t_agFVJoM38tkCAL-0LTGK-NPOY5eIIio4-R2a6X5-PXD43f3I44JRrHZUPvUQMnlFQO49golQU1Q1r9QN6BA=w86-h114-k-no
Mo Waterfall - Dong Trieu,"Dong Trieu Town, Quang Ninh",4.5,Landmarks,"'Dream Waterfall.' A scenic natural waterfall in Dong Trieu, a popular local spot for picnics and swimming.",Quang Ninh,
Tay Yen Tu Tourist Area,"Tay Yen Tu, Son Dong District, Bac Giang",4.5,Shrines/Temples,"The 'West Yen Tu' spiritual and eco-tourism complex, located on the Bac Giang side of the Yen Tu mountain range, with temples and a cable car.",Quang Ninh,https://lh3.googleusercontent.com/gps-cs-s/AG0ilSyTLTWnPXUwdbrh5khDpEoFsyHlsumVvJBVla4ivwa6bGbtw7pnKpk0q_OgG-PgzbJQoC_HHIlt2Woz6yK-ansX1b5cejNalFHa9cYwErFt52TrslJnPhexHFkixnmGLI6Eij0E=w32-h32-p-k-no
Ba Tang Mountain,"Bac Son Ward, Uong Bi City, Quang Ninh",4.6,Landmarks,"'Three-Tiered Mountain.' A scenic mountain in Uong Bi, part of the Yen Tu range, offering natural landscapes.",Quang Ninh,https://lh3.googleusercontent.com/gps-cs-s/AG0ilSzgOWuu9QU9bmuEirdhvfwWdNiK0qrp5XMqnp5BEJimVPcztcKeVhz9J2WBvheOCAKYMJdgvrU0Bg69d1ELQX_wI_2ulBRaluBAtps6zurSMXSn7obREI5Tce_uJU0aAqNczcQ5=w32-h32-p-k-no
Cat Cat Tourism Village,"Cat Cat Hamlet, Sa Pa",4.1,Landmarks,"A H'mong ethnic village known for its traditional crafts, rice terraces, and a scenic waterfall. A popular trekking destination.",Sapa,https://lh3.googleusercontent.com/gps-cs-s/AG0ilSy5RiBWMUZSqbcZvzvYt-wksBdoHRHMgW9kUqVz0oaq8lBfD52XWZYFt6oB0Zp6vIM4b6eE42FHYZWrtRTcNHJbKE4DS-5_A-IPTAAPlEtICdiej1jbPOLWBeyIxbaySDt7HBDIT-XuevOp=w32-h32-p-k-no
Sapa Lake Square,"Xuan Vien Street, Sa Pa Town",4.6,Landmarks,"A central public space located next to Sapa Lake, a popular spot for strolling, relaxing, and local events.",Sapa,https://lh3.googleusercontent.com/gps-cs-s/AG0ilSwaWbtY7MArnlP9_yuvR9blump2cjqPTXptKK0zXYS0XrpEwDbQE08eg7CgvqONoI6yfeDa44L4NApIjmDpRxpDgh_3UyRLAm8vdnT7_HrK65vwTWU63Z-TPIUnYqEamC_gsg9msKfx5k9w=w32-h32-p-k-no
Sapa Square,"Thach Son Street, Sa Pa Town",4.5,Landmarks,"The main town square of Sa Pa, located in front of the Stone Church. A major hub for tourists and local activities.",Sapa,https://lh3.googleusercontent.com/gps-cs-s/AG0ilSyPb7Cru-8EpoQUmIJ-h9wlS4yWcKpsXXzETKLf6LsrXBLN0DGh_HRIRie4cPC-DP-f3BwR_Oc_7I775vYAHEvvF2pPdr69waJDt8ftKn6iVKHyH7leE-NBXGxM4MTXS5YXGLIf=w114-h86-k-no
Moana Sapa,"68 Violet Street, Cau May Ward, Sa Pa",4.2,Landmarks,"A large outdoor photo attraction complex featuring elaborate statues (like a giant hand), a 'sky gate', and panoramic valley views.",Sapa,https://lh3.googleusercontent.com/gps-cs-s/AG0ilSzcErTjsLSSwoPQNVu5s048pgFWTiuEJfDCdjRYzMklmDLJQxQ9EgjoW83eWOfYkKaFoxLy0jdji-CJ2EEjngiEhcLMYUvOb9rd34REpY44xFMnnR4F4bj0aJwMKh3d0BDrsQx85d3n2NAD=w32-h32-p-k-no
Sapa Park,"Thach Son Street, Sa Pa Town",4.2,Landmarks,"A public park in the town center, featuring gardens, a small lake, and recreational space for locals and tourists.",Sapa,https://lh3.googleusercontent.com/p/AF1QipMOht7R5oDbjWfBqQvi7R808aGR5opG-dpkKjE=w32-h32-p-k-no
Ham Rong Sa Pa Eco-Tourism Area,"Ham Rong Street, Sa Pa Town",4.3,Landmarks,"A mountain park behind the Stone Church, featuring flower gardens, viewpoints like 'Cloud Yard', and unique rock formations.",Sapa,https://lh3.googleusercontent.com/p/AF1QipPApsrCWeUtN4OVgzNUklwiqgaDdmQA3wZalN5N=w32-h32-p-k-no
Hang Pho Temple,"32 Fansipan Street, Sa Pa Town",4.6,Shrines/Temples,"A local temple in Sa Pa town, serving the spiritual needs of the community.",Sapa,
Sa Pa Stone Church,"Ham Rong Street, Sa Pa Town",4.4,Shrines/Temples,"An iconic neo-Gothic Catholic church in the town center, built by the French in the early 20th century. A major landmark.",Sapa,https://lh3.googleusercontent.com/gps-cs-s/AG0ilSyYY2glr5_FnbkAKI7mBEu-x55aqftXbIljqxAHWkpjehJ1CBFaCu1nUgGF7E2qDovY59r6Uf3BxeRizs6zELdNrYnpeENg69nsuZTeAFzwtMfJ0TJvYaW6sJihq2VZa2894A-Q=w32-h32-p-k-no
Sa Pa Sha,Sa Pa,4.8,Landmarks,"A check-in spot or cafe with views, as indicated by its name and high rating.",Sapa,https://lh3.googleusercontent.com/gps-cs-s/AG0ilSym2b40u0ZYq6HEq14uHhduuHncgGsI2md_6adqPtAkBRF8aYOaIQ28qYQhLjuWLcHsOFkCPYs5bxfKF-QhXFQyo_4y75f8VaBF6w94qqDS0z2iDa3UN7rDeoCm_M6wimH0ZuGClQ=w32-h32-p-k-no
Silver Waterfall Sa Pa,"San Sa Ho Commune, Sa Pa",4.2,Landmarks,"A tall, powerful waterfall located on National Highway 4D, a popular stop on the way to O Quy Ho Pass.",Sapa,https://lh3.googleusercontent.com/gps-cs-s/AG0ilSw91XjmTR_rCxr9Cj-IcoteRZiBk0M4OjQ143iSEoFvyHuJwxiyMVitoNsoQFSRnnBOuNtvqcPPBH10gsjDkXI3--s0ObUvKUW8MO3mXgp-Dbh1KPIH0ciKHlFmicvLeaCeq1Ds=w32-h32-p-k-no
Sapa Ancient Rose Garden,"Sa Pa Commune, Sa Pa",4.3,Landmarks,"A large garden specializing in growing various species of ancient and climbing roses, a popular spot for flower lovers.",Sapa,https://lh3.googleusercontent.com/gps-cs-s/AG0ilSzJuZq0AI0JjJeQp4y9m13qxGwbnMKlx_WK38jERbiWD6v_jrfetH_s3f_eU5OSO5R8yNFPbE3kF8yqwQyrAteHYSU2IuIqIsbCG6nWonrczovEaGkRnINqnMgRY11w782fHhm8EXq7ENAt=w32-h32-p-k-no
Ta Phin Ancient Monastery,"Ta Phin Commune, Sa Pa",4.1,Shrines/Temples,"The atmospheric ruins of a French Catholic monastery and convent, abandoned since the 1940s, located near Ta Phin village.",Sapa,https://lh3.googleusercontent.com/gps-cs-s/AG0ilSzQS0-vWOeKh9sJ7ED6EOtxYacw7oW_4gW7_H7cL6bc31OFutMpgT8gHyh-LI-pmYCb76ZS4Amh61V7luWaP4gOVpktE4Mbhe69rEY9P4OTepOckyQabPdn6b7Sh3EiyabvT4oux6Kjq3A=w129-h86-k-no
Sky Gate of O Quy Ho,"Son Binh Commune, Sa Pa",4.4,Landmarks,"A scenic viewpoint at the peak of O Quy Ho Pass, one of Vietnam's highest mountain passes, offering vast views.",Sapa,https://lh3.googleusercontent.com/p/AF1QipNTMEycSs8PHXct4__DqZM4ixjhX4LVaiYCSy1g=w32-h32-p-k-no
Sapa Green Valley,"National Highway 4D, Sa Pa Commune, Sa Pa",4.4,Landmarks,"A scenic spot or resort located along the main highway, highlighting the green valleys of the region.",Sapa,
Sapa Ancient Stone Gallery,"Muong Hoa Commune, Sa Pa",4.0,Museums,An archaeological site in Muong Hoa Valley featuring large boulders with ancient petroglyphs carved by unknown prehistoric inhabitants.,Sapa,https://lh3.googleusercontent.com/gps-cs-s/AG0ilSyuVYlq-QN6EGqoSSEiPKiyLUMuwom9GJvsNVsyJdx-tQEXhZOcB5eQyYp1vsXqQBNwmc3Zx7tc9C-escxn32UkFd1FkL_f_NUbvnkxnROp2Fcvaur_41lhHwrGN72UaxJlx9wqCA=w32-h32-p-k-no
Muong Hoa Stream,"Ta Van Commune, Sa Pa",4.7,Landmarks,"A scenic stream that flows through the Muong Hoa Valley, alongside rice terraces and ethnic minority villages.",Sapa,https://lh3.googleusercontent.com/gps-cs-s/AG0ilSw3_laLLBuinkg71d1QbqUJMoymjJH452Vw3Ed5rZBq7fImmRJumMiCZmFdgFWtWUPoJAB3UK4aQ4Xj-W7Gse1SM7pX1AW_53HLj54kOr6J_ussYefq58Rjw2FcTdkbRsUNt_hw=w152-h86-k-no
Ansapa Village,"51 Thanh Cong Street, Sa Pa Town",4.1,Landmarks,"A restaurant or guesthouse in Sapa town, offering local ethnic cuisine and hospitality.",Sapa,https://lh3.googleusercontent.com/p/AF1QipOob1-VQgg9PPpXLivmpQAiU9PkabbKL9yUXe4t=w32-h32-p-k-no
Ta Phin Village - SaPa,"Ta Phin Commune, Sa Pa",4.3,Landmarks,"A village inhabited by the Red Dao ethnic group, famous for its intricate brocade embroidery and traditional herbal baths.",Sapa,https://lh3.googleusercontent.com/gps-cs-s/AG0ilSzVvfNiPHhbVrqcF--30jd0F5GIf2Cv_kod68OqZEeLqNn76xdGd7WuZ9wV4Lw60_nkUESyHJptl0NnZuLOvXviMljc0uGDkplBQHj8zBeEri5KWKn0FnGmkKJZ1hPElcktM1nWew=w32-h32-p-k-no
Sa Pa Night Market,"Luong Dinh Cua Street, Sa Pa Commune, Sa Pa",4.1,Landmarks,"A bustling market open in the evenings, where visitors can buy local souvenirs, handicrafts, and sample Sapa street food.",Sapa,https://lh3.googleusercontent.com/gps-cs-s/AG0ilSxnPWq4_HYTOiR0liDuavkOS8RQ9paoZKA2wWzA-bq0zfJs1aIqNwggnzyruX14TezVriDIY4Pig5a-uFJMSzr1D_pah2cd_QbLnoqDF9pQmHJKUXlOKxM0JqvJuGmfAKNYkrYe=w32-h32-p-k-no
Hoi An ancient town,"94 Bach Dang Street, Minh An Ward, Hoi An",4.7,Landmarks,"A UNESCO World Heritage site, a well-preserved example of a Southeast Asian trading port from the 15th to 19th centuries.",Hoi An,https://lh3.googleusercontent.com/gps-cs-s/AG0ilSwSM2XddQhDcZm_egGdq9QxI1lxD0JA6I9ZYulAB2p6RKOmHPVZ7Kx01XtwEonOkb0AiUMkGFpNcx0BYT4ZXgzJyyRUoLORFNvmIxdf7FVyBjfRmqvBXlto2sEWenvgkygh6kEDLQ=w32-h32-p-k-no
Quan Thang Ancient House,"77 Tran Phu Street, Minh An Ward, Hoi An",4.3,Museums,"A 18th-century merchant's house, showcasing rich Chinese architectural influences and intricate wood carvings.",Hoi An,https://lh3.googleusercontent.com/gps-cs-s/AG0ilSxhGJHaYppkkVYwKQ4s-PmhMC2cc1uqSW2U5H9QlwM6YTjjgdwn-5W36-_QClM4FPUK0LyJIMYWeOph3LZWRqsk8_qcQJk1S5n7HxnQQcJmiU5F0rEqFV9ysccKJg6LZezAcszj=w32-h32-p-k-no
Hoi An Market,"19 Tran Phu Street, Cam Chau Ward, Hoi An",4.4,Landmarks,"The main market of Hoi An, bustling with vendors selling fresh produce, local food, silk, and souvenirs.",Hoi An,https://lh3.googleusercontent.com/gps-cs-s/AG0ilSwbZjZafi2mTEZUMiIvYSYBBAe7hpwj8Qt_DmdJGwaQxAysmLzuzJwP_peLuCeIzbw74pmyuHn5rjdyoLxjwdnfRigltuIaOH28T125of-RFHqVONSycmu9P7ZXcnizuGLyyvoH3wT4pxN8=w32-h32-p-k-no
The Old House of Phung Hung,"4 Nguyen Thi Minh Khai Street, Minh An Ward, Hoi An",3.7,Museums,"A historic 18th-century merchant's house, blending Vietnamese, Japanese, and Chinese architectural styles.",Hoi An,https://lh3.googleusercontent.com/gps-cs-s/AG0ilSy5xxbgzWzxV0X8Yj9vOL9TkAqI_ctXUiigAh91hi3DVObaE_h4UIPs-vYIq_vP1SKb7Oa4PehxifXbIjkeFR0awrDGYzSPZzO-9qBg-e4ITqy94f7hiZ1wdoAxUun3p2uuGCQ=w32-h32-p-k-no
Silk Village Hoi An - The Tourist,"28 Nguyen Tat Thanh Street, Tan An Ward, Hoi An",4.3,Landmarks,"A tourist complex showcasing the traditional silk-making process, from silkworms to weaving, with gardens and a showroom.",Hoi An,https://lh3.googleusercontent.com/p/AF1QipMEtHh6NJetGcuciwXCNEjT-kUcQptVNFURnh9a=w32-h32-p-k-no
Hoi An Memories Land,"Con Hen, 200 Nguyen Tri Phuong, Cam Chau Ward, Hoi An",4.6,Landmarks,"The location of the 'Hoi An Memories' cultural show, featuring an outdoor stage, themed village, and performances.",Hoi An,
VinWonders Nam Hoi An,"Vo Chi Cong Street, Binh Duong Commune, Thang Binh District",4.9,Landmarks,"A large amusement park and entertainment complex, featuring rides, a water park, and a 'River Safari'.",Hoi An,https://lh3.googleusercontent.com/gps-cs-s/AG0ilSxeOggBitV1kYwtUNQyiI42YdfnfLXOsMOT4f7QPYyNynP_t1ejqgHtVII28bfgimoEOD5ADG80o3ol0t-mbkSZza9_L6ZAwqCTHVTWneIL2p75kdNCgmTfOe5H1zfwgX9uuWid=w32-h32-p-k-no
Museum of Folk Culture,"33 Nguyen Thai Hoc Street, Minh An Ward, Hoi An",4.3,Museums,"A museum in a historic house, displaying artifacts related to the folk culture and traditions of Hoi An's residents.",Hoi An,https://lh3.googleusercontent.com/gps-cs-s/AG0ilSxms9KODVfEizX6N100x6IsKkjk-Lx8xz23DiQUvP2bDljhYvcugv221w8AywvWgJfrScNNSsVw27XTG9_19l6VDLJfKCqU-nDFRDX7azchofeT5DsHpyW9ZZH_y-SFt-HZtDvK=w32-h32-p-k-no
Hoi An Night Market,"Nguyen Hoang Street, Minh An Ward, Hoi An",4.4,Landmarks,"A lively market on An Hoi Island, famous for its colorful lanterns, street food, and souvenir stalls.",Hoi An,https://lh3.googleusercontent.com/gps-cs-s/AG0ilSzrODKyx2Hrz7BADxiQD4WyQM1YIezl-VCtVDY_eoLtm6YbGahBPFvDIlySB8XTdtsLOS_d891WgGCCFdnlqaqgHNNAidgWyqYFY3Jom3DhMI8G3YLOTxOL8jnTaZiD-0Vc-0Ac2w=w114-h86-k-no
An Bang Beach,"Hai Ba Trung Street, Hoi An",4.3,Landmarks,"A popular beach near Hoi An, known for its soft sand, clear water, and beachfront restaurants.",Hoi An,https://lh3.googleusercontent.com/gps-cs-s/AG0ilSwK5SKKHH9kgYHVxAqJjGkAhA8By7KRrDvs_3-OkyZTT6RwXoLEFOmqUNvuyqdszWoH6dEDd3oxMkoLYuKbrBfxEoiLg6C_imH_KbQaQZHYAZAdjRK0CG0P4aNah86qAgdReVf0HQ=w32-h32-p-k-no
Old House of Tan Ky,"101 Nguyen Thai Hoc Street, Minh An Ward, Hoi An",4.2,Museums,"A UNESCO-recognized 18th-century merchant's house, perfectly preserved and blending multiple architectural styles.",Hoi An,https://lh3.googleusercontent.com/gps-cs-s/AG0ilSw-T7dRhE_WlaYaCpboQj_LgbchuEojFrC_BcBjYRFIoUl4MZBGYcX9Y3q046qlbOhXdqdhGTtPcoK30FilSi80DjsyIw580mfKpb9wtac_DoR4aNQPKrV-rJ5RFdxi8O6GPg-K6Q=w32-h32-p-k-no
Memories of Hoi An,"94 Huyen Tran Cong Chua Street, Cam Chau Ward, Hoi An",4.6,Landmarks,"The 'Hoi An Memories' cultural show, an outdoor spectacle on an island in the Hoai River.",Hoi An,
Kim Bong Carpentry Village,"Cam Kim, Hoi An City",4.6,Landmarks,"A traditional craft village on Cam Kim island, renowned for its skilled woodcarvers and carpenters.",Hoi An,
Hoi An sculpture promenade,"An Hoi Ward, Hoi An",4.0,Landmarks,"A path along the Hoai River on An Hoi island, featuring various sculptures and art installations.",Hoi An,https://lh3.googleusercontent.com/gps-cs-s/AG0ilSyMI5Qbrs39gvbosctLcWuTqK50WbFqzMdxmnL7tC9mnDKpffHcQ3APEAzQWmUv-f14MY7sFzk_3IcXnxLH3p0Kr8P0Dt3oGZAqsGaRpdff3a17xm9KY2hsQUZ4DMWfCuZvHnbwVg=w32-h32-p-k-no
Cam Pho Communal House,"52 Nguyen Thi Minh Khai Street, Minh An Ward, Hoi An",4.2,Shrines/Temples,"A historic communal house (Ðình), a place of worship and community meetings, typical of Vietnamese villages.",Hoi An,https://lh3.googleusercontent.com/gps-cs-s/AG0ilSxvEnEbYEeOMT4fEYiTNwSCiNxVxB-z9MmcSEqOTK40QIak9ZBt_bcYav8XQAQ9H1frAVV-cs5SmxX8ONNBZHX1TM2rtQBj2njX5B7QfxxHpXNvaB0SUXG26IuhlwTbi5dGfmcGOw=w32-h32-p-k-no
Japanese Covered-Bridge,"Nguyen Thi Minh Khai Street, Minh An Ward, Hoi An",4.3,Landmarks,"The iconic 18th-century bridge and temple, a symbol of Hoi An, built by the Japanese community.",Hoi An,https://lh3.googleusercontent.com/gps-cs-s/AG0ilSyYHn1JQoTbR_Y7Aecnm8P5QsAal_dRwrTVdgL3liiPEYRP3cg284JehUuoyBy0VYbplZSrw67sVSnaKl4GgyduIRMBF53_CxtoTxpOM8ND8dPzS2_JX4MKDRP_8QBi-K-KWAEZgQ=w32-h32-p-k-no
Thanh Ha Pottery Village,"Pham Phan Street, Thanh Ha Ward, Hoi An",4.3,Landmarks,"A traditional craft village dating back over 500 years, known for its clay pottery and terracotta products.",Hoi An,https://lh3.googleusercontent.com/p/AF1QipOK24dkfIGANkCtlCgsy306NrLNnMyAxUjNkcyv=w129-h86-k-no
Hoai River in Hoi An Old Town,"An Hoi Ward, Hoi An",4.6,Landmarks,"The scenic river that flows through Hoi An, central to the town's life and lantern-lit evenings.",Hoi An,https://lh3.googleusercontent.com/p/AF1QipMyGxCRoYWG8kQAC4J7ODSE6Uhhc3Za5GDiJdC-=w32-h32-p-k-no
Cua Dai Beach,"Cua Dai Ward, Hoi An",4.5,Landmarks,"A long sandy beach near Hoi An, once very popular, though it has experienced significant coastal erosion.",Hoi An,https://lh3.googleusercontent.com/gps-cs-s/AG0ilSwUIII61Y-ClKa5ZYOBIob9BRaAf7CgfanmSo65K5OqsvrJL4GayYqad8E27GOoXLDv_DAlz2UXT-ac05hWjdwfS19M_kq-WIdNwJImDTDVoHJR7Vcr4JXvSfez4YXB72sUgsE=w32-h32-p-k-no
The Center for Culture and Sports of Hoi An city,"01 Cao Hong Lanh Street, Hoi An",4.0,Landmarks,"A government building and venue for local cultural events, sports, and community activities.",Hoi An,https://lh3.googleusercontent.com/gps-cs-s/AG0ilSwtay_CanYCIJTVTmFizlgCyRQDsn3IiQHCW_V4rac1YcfnmTnaxIGM8pSfTPuEu1E_ywdZlaG1ehvhDZlLIhDLZQZJlNkd8ZHuTzCHfeMHmagM1Dqe4Jz0NHS3sGyM9xGKYjw4bFYPgQGE=w32-h32-p-k-no
Old Town Sunset View Point,"Tran Hung Dao Street, Cam Pho Ward, Hoi An",4.5,Landmarks,"A scenic spot, likely on a rooftop or by the river, offering a good view of the sunset over the ancient town.",Hoi An,https://lh3.googleusercontent.com/gps-cs-s/AG0ilSy22RBVD9Eai0PckDtZfvGLeubIMjji0TU6o4ajh7B5z_DsyxRnRjSUGAMppH-d_TaZd8wE3b-b8BYc7ecA97ck8TJ_QZqDvS7uTcIPpih8BDDegXSC4SopVy8CAZFAbLmtL7KD=w114-h86-k-no
Hue Imperial City,"Phu Hau Ward, Hue",4.5,Landmarks,"A UNESCO World Heritage site, this walled fortress and palace was the capital of the Nguyen Dynasty. ",Hue,https://lh3.googleusercontent.com/gps-cs-s/AG0ilSxnvd5xo0pwvmCL9EeKAd97oCZY2uLeys1CjdduugcbHD_1XEZNO3gJ4iZ31oKVCG-uxQd9MS1LRLrWksdUf_kzGlH5Sqe7t19TrNpJQP-7cr3vMJukqO7fCMQ5NXgX5-vYE4aG=w114-h86-k-no
Hue Historic Citadel,Hue,4.5,Landmarks,"The outer, fortified wall of the Imperial City, encompassing the main palaces and residential areas.",Hue,https://lh3.googleusercontent.com/gps-cs-s/AG0ilSx5DJR0_hS_9z45j1TKsOmkAIiheiPOx0HGwaWYeN_KywpTkIwl_-U306rhbIi209Dmp1ePsH8K8u8DwSUvtX6eTyUDPRbz_4MHQPeH60EeAxdHJ6PJ6Bafk04IzLjUAZi3SaZk=w32-h32-p-k-no
Hue Walking Street,"Vo Thi Sau Street, Phu Hoi Ward, Hue",4.4,Landmarks,"A vibrant pedestrian area known for its nightlife, street food, bars, and shops.",Hue,https://lh3.googleusercontent.com/gps-cs-s/AG0ilSyFfKYVZbf97Jf1jLF8ffx58Ey-1MIzPHbDYA1MT9tYbqwpbHmtsWrkvyXUewT1jYdnN1z3agIhA_dd0Vm0JV5JxN-hddtkQbBsuF3b7feqplp1deVYp2iv2dPRcUcQ2v3edZY8=w114-h86-k-no
Thien Mu Pagoda,"Huong Hoa Ward, Hue",4.5,Shrines/Temples,"'Pagoda of the Celestial Lady.' An iconic seven-story pagoda, the tallest in Vietnam, overlooking the Perfume River.",Hue,
Mausoleum of Emperor Tu Duc,"Thuong Ba Hamlet, Thuy Xuan Ward, Hue",4.5,Shrines/Temples,"A serene and expansive tomb complex for Emperor Tu Duc, featuring a lake, pavilions, and pine forest.",Hue,https://lh3.googleusercontent.com/gps-cs-s/AG0ilSy1R7WkynxuO_mRakIenMR-QAdLc-EQw_k2x_EUVJh7PElAhaA5oTQRwb4ehDLw3Ki0rBRFJjwb0E2a1QZFoGxa2JB3wAaGYd_E8qWFBKdjrcXIs8GnDNTtEeQw1eAQNGiiRXY=w32-h32-p-k-no
Dien Tho Palace,"75 Le Huan Street, Phu Hau Ward, Hue",4.5,Landmarks,"'Palace of Longevity.' A residence within the Imperial City, built for the Queen Mothers of the Nguyen Dynasty.",Hue,https://lh3.googleusercontent.com/gps-cs-s/AG0ilSzEhnuCDvwdazkECrTAlFjr2ov7kARL0hNPkjf2k0FDIpJJyccR0zjozLoAyCmz5EZsU7qSPzIRtSXOUldBnsyFT6c2-4HGL4wwYmUPukBrpKiok2Yl4bAjFREf4TnIX5Qa8HyEFjsfXbHz=w32-h32-p-k-no
Hue Western Quarter,"29 Chu Van An Street, Phu Hoi Ward, Hue",4.5,Landmarks,"The foreigner-friendly neighborhood, home to many hostels, bars, and restaurants.",Hue,https://lh3.googleusercontent.com/gps-cs-s/AG0ilSxf4pgX6AYVFdiYpaJAo6ywPjO7J9xxcKrNDhIuTTyi5OoeBuJ8W_S8j5CTi72MfsKik8MD0599QzS2_VToGyBU4Mbbif-M6bfRLIPCOQ1puC0CR2YdFjs1VuqdgUi88xUI_eI=w86-h114-k-no
Mausoleum of Emperor Khai Dinh,"Chau Chu Mountain, Thuy Bang Commune, Huong Thuy Town",4.5,Shrines/Temples,"A unique tomb blending Vietnamese and European (Baroque) architectural styles, known for its intricate mosaic interiors.",Hue,https://lh3.googleusercontent.com/gps-cs-s/AG0ilSxCuhqUl7BBxnHHIEEtoJB6DceOysYi0Z2WBaHENXYCLXUlIR_I0Gr5qDZtIhYoGQE7biKMlhgxV_lOir3S3QeJJ5WQkxJY__NQ1C9ldv3l3SLrQdggeZMlCcuXiSYi5AY0q2NE=w32-h32-p-k-no
Royal Costumes,"72 Ong Ich Khiem Street, Thuan Hoa Ward, Hue",4.5,Museums,A popular shop or museum for renting and photographing in royal Nguyen Dynasty costumes.,Hue,https://lh3.googleusercontent.com/gps-cs-s/AG0ilSx0kUfdjhuo_qbZUoOmlkxd1SQrAgMAxWbiQ2DCjkgeeUvL744MRh3PgOShBRRrVL4nR6ztTdtppKNfQOvmmltzJ_zKEBgSNcUHvvqGhiV-B1giqnMOjPhKG3oU2t416nznOFU4EQ=w32-h32-p-k-no
An Hien Garden House,"58 Nguyen Phuc Nguyen Street, Huong Long Ward, Hue",4.0,Landmarks,"A traditional 19th-century garden house, showcasing classic Hue architecture and a peaceful garden.",Hue,https://lh3.googleusercontent.com/gps-cs-s/AG0ilSzMjzDwXcHEzwO-6GMn_r7yoXGflcsqC3zO6ccyRbxbdcTB_4hYJcB51OzymhJnopPgRPvGHGzKnvg80Imi600s8vdT79zQs-8Hxo0TyoYyPzkxhC-YulzRgjx8QeSv4nIWfLnc=w32-h32-p-k-no
Nine Holy Cannons,"Phu Hau Ward, Hue",4.5,Landmarks,"Located at the entrance of the Imperial City, these nine massive cannons are symbolic guardians of the citadel.",Hue,https://lh3.googleusercontent.com/gps-cs-s/AG0ilSylW1ZjsCq1xM55lDyKJ4HF5qcsc-YDcSIuQgC4KYYYZykBe74o5iNN9t56QVLT5ek0NMf51lTY2Q-hCaA8sC6UMkRzXHuzlZtPR8ls4C1FeRHR_HVKXILdgr1VwQXtBZuu5g1JUg=w32-h32-p-k-no
An Dinh Palace,"179 Phan Dinh Phung Street, Phu Nhuan Ward, Hue",4.5,Landmarks,"A 20th-century royal palace with French colonial architecture, once the private residence of Emperor Khai Dinh and King Bao Dai.",Hue,https://lh3.googleusercontent.com/gps-cs-s/AG0ilSzsmiisMeWjJaObaztVGuFXV90AhbHt7JTuQ3hVm9I5KMyy2O-GfMRpPv8jhJSpjMa4WheinvsP6UOK7sU2_iCtDe3cokyCIMcty_62YQdEVrZN3AFdW_iaBerokfQkHF5xjMbN=w32-h32-p-k-no
Tam Toa,"Tong Duy Tan Street, Phu Hau Ward, Hue",4.4,Shrines/Temples,"'The Three Courts.' A historic building in the Imperial City, associated with royal ceremonies, later becoming a Catholic church.",Hue,
Temple of Literature,"Van Thanh Street, Long Ho Ward, Hue",4.4,Shrines/Temples,"A Confucian temple complex, similar to Hanoi's, dedicated to scholars and education.",Hue,
Hue Museum of Royal Antiquities,"03 Le Truc Street, Phu Hau Ward, Hue",4.5,Museums,"Located within the Imperial City, this museum displays artifacts, furniture, and treasures from the Nguyen Dynasty.",Hue,https://lh3.googleusercontent.com/gps-cs-s/AG0ilSzgHv1ou4mMFwee53KO_aEhr91L7zL0bvxCf9ZeTyexhyUfaEfImCmXEYPyyZDyCil9zEXR8UsLuxzWZCER6eJ6sIxRIk79eNmP1jbkHmRTzV6LjO1AmvpP7tJvkqVlSXfZ2rhAyzDZtm9o=w32-h32-p-k-no
Meteorological Tower,"Ong Ich Khiem Street, Thuan Hoa Ward, Hue",4.4,Landmarks,"An old observatory tower, part of the Imperial City complex, used for astronomical and meteorological observations.",Hue,
Bao Vinh Ancient Town,"131 Bao Vinh, Huong Vang, Huong Tra Town",4.4,Landmarks,"A small, ancient port town near Hue, offering a glimpse of 19th-century architecture and a quieter atmosphere.",Hue,https://lh3.googleusercontent.com/gps-cs-s/AG0ilSwvUFRFxdMwEqohKfsLtAakx8dkgi5-3ajJr8Yg88ShOGYYBLRQ5gmV6FAn3pg-0QIYtQhVw8rLxoMNXcOEKIBTBiNaCDc03hPVwwNaX0iUgKLE-Zekw7nDEW8JeaXZd7tQ8W5-8A=w32-h32-p-k-no
Tu Hieu Pagoda,"Duong Xuan Thuong III Village, Thuy Xuan Ward, Hue",4.8,Shrines/Temples,A historic Zen pagoda known for its tranquil forest setting and being the resting place of many imperial eunuchs.,Hue,
Thuy Xuan Incense-making Village,"62 Huyen Tran Cong Chua Street, Thuy Xuan Ward, Hue",4.2,Landmarks,"A traditional craft village where residents make colorful, scented incense sticks. A popular spot for photos.",Hue,https://lh3.googleusercontent.com/gps-cs-s/AG0ilSz2mKZU9yzqWUSvytNHf_TXSUllzbpCwRvqyi1_jtoFCaOyCr_DufpEDLAyceL0TfH1ubzZQwskgY14IgukDJK8oMZN2K6C16lJmRmohUz2SseQLYmnmabqzgskLjTF6xRSCiws0w=w32-h32-p-k-no
Ho Quyen,"373 Bui Thi Xuan Street, Phuong Duc Ward, Hue",4.1,Landmarks,'Tiger Arena.' A 19th-century arena where royal fights between elephants and tigers were staged for the monarchy.,Hue,https://lh3.googleusercontent.com/gps-cs-s/AG0ilSybyFz2sh0-4u4-9RB8udxU9yAXf5LTuApsbgkEF42YTY_FARfLr-xawUgXTFb5k9_yFYE1vAmyUUcRs0qPuBeANb91GKw-eq1yd6At_FmYqNPwrylrbCcVNhkWfdTSlqJhNZic=w32-h32-p-k-no
Luong Dinh Pavilion,"Le Duan Street, Phu Thuan Ward, Hue",4.8,Landmarks,"A royal pavilion on the banks of the Perfume River, used by emperors as a resting place and to view boat races.",Hue,https://lh3.googleusercontent.com/gps-cs-s/AG0ilSyHKeIOfJwNPieRMhC2m366P_LTfxtPzRg7HFkYBmbKSw7022ormpYZQWU236jMko0SuA_BvcXnmepqeiotsNeaRiCvw-w5_Gjh8oRi50r9MMJwJOBS-FyRy8q3QY7EtfIFxr1XjnSIXEs=w32-h32-p-k-no
Tinh Tam Lake,"Thuan Thanh Ward, Hue",4.4,Landmarks,"'Lake of Serenity.' A large, historic lake within the Imperial City walls, once a royal garden, known for its lotus flowers.",Hue,
Hon Chen Shrine,"Hai Cat Village, Huong Tra Town",4.4,Shrines/Temples,"A temple on a riverside cliff, dedicated to the goddess Po Nagar and the 'Mother Goddess' faith.",Hue,https://lh3.googleusercontent.com/gps-cs-s/AG0ilSyb53cRpmnwSUtd7A0MH8bJ84Azisdxs_oCg6l5YkRsXkVl_Zg1M5n9E27xmYAf5Vw9NfejcXUkblJGdJJgVEpelWN3elSZJQJmMNPonsOx2yaNTJTkIlDZb5nlEvnR6dwNpQ9apr6AVFk8=w32-h32-p-k-no
