name,address,ratings,price,image_url,Location
The Concept Hotel,"160Bis Bui Thi Xuan, Pham Ngu Lao Ward, District 1, Ho Chi Minh City",4.8,800000,https://lh3.googleusercontent.com/gps-cs-s/AG0ilSwXM-gQg8LXgkZg5f8BcV5oaXhkYrYCoXhWfPdvJ6pcHznC439pBKX6yod2Ak-O71aTLP94L5CJNNeAZ8i8b8691INMsx_nLLPjd1x8jwxtrhM1Zc40_Xw427KxDLY0EuCvMoga9Q=w447-h298-k-no,Ho Chi Minh
Equatorial Ho Chi Minh ,"242 Tran Binh Trong St., Phuong, Go Vap, Ho Chi Minh City",4.4,1800000,https://lh3.googleusercontent.com/p/AF1QipN_S2cAGU3su1Njf7sc9bV0s2EmCNb5WS9lJBVw=w448-h298-k-no,Ho Chi Minh
Beautiful Saigon Hotel,"40/27 Bui Vien, Pham Ngu Lao Ward, District 1, Ho Chi Minh City",3.8,500000,https://lh3.googleusercontent.com/p/AF1QipNGOghBUsv7XmSGmZoPXALJ5Y08le_leKt3wy-Q=w447-h298-k-no,Ho Chi Minh
Venice Hotel,"38 Street No. 3, Trung Son Residential Area, Binh Chanh, Ho Chi Minh City",4.1,650000,https://lh3.googleusercontent.com/gps-cs-s/AG0ilSzzQ9tbP_fZkErcuG3aEGMAaYgKSiojG0ohn9U5b0UTSdWw84JhJ3-Cd-I6vZz-MJvK_S6acILXHLHDhBFljmUIzF_lzzruKHW66QHfS59J5t5h4aUC52jxt0z1jmeHciQsUJme=w224-h298-k-no,Ho Chi Minh
The Concept Hotel,"13-15 Nguyen Thai Hoc, Cau Ong Lanh Ward, District 1, Ho Chi Minh City",4.8,850000,https://lh3.googleusercontent.com/p/AF1QipMHqZ8d9YaOt6jYPOW_mcCq-l9P6iKM9kDxAtLX=w224-h336-k-no,Ho Chi Minh
Alagon Saigon,"291 Ly Tu Trong, Ben Thanh Ward, District 1, Ho Chi Minh City",4,1200000,https://lh3.googleusercontent.com/p/AF1QipMlGl6UvAlyvu_JvS8wrzMzyK4rkfab0hrp6zmS=w476-h298-k-no,Ho Chi Minh
Diamond Hotel ,"283/76 - 283/78 Cach Mang Thang Tam, Hoa Hung Ward, District 10, Ho Chi Minh City",3.1,550000,https://lh3.googleusercontent.com/gps-cs-s/AG0ilSwOwDeQUbfTBEk447TgsJ-Mo9gJdzxi1MMXsgMTkLss8Jb2TINEYxvE_wFizlDJRshmnEpPL9pjKn1LTUD_z1JYTzS2zFCvKJ9Uq6DwJdgYKfk2NMgDVuCi4CeVTM7M8Iys3N3HSQ=w224-h298-k-no,Ho Chi Minh
Friday Premium Hotel,"811 Le Hong Phong, Ward 12, District 10, Ho Chi Minh City",3.8,600000,https://lh3.googleusercontent.com/gps-cs-s/AG0ilSy8_-59HrtyWp8YSHTFAmPY3tb20An7nEiBfVIBCZWdZlegddOKE9eZ2q8HxmfGqejdPb3bm2yaded7lS5ea6RPgefx4RuVnWqsY4Z45mUf5yATTTzTrT8R32bfoblB_4NwcY9j=w529-h298-k-no,Ho Chi Minh
Yellow House Saigon,"114/32 Do Tham, Cau Ong Lanh Ward, District 1, Ho Chi Minh City",4.2,700000,https://lh3.googleusercontent.com/p/AF1QipOL7V-cTLmbMsGzf7uC09YZJi_kfWDs-VrMrfkX=w224-h336-k-no,Ho Chi Minh
Cabana Hotel Saigon ,"47A Nguyen Trai, Pham Ngu Lao Ward, District 1, Ho Chi Minh City",2.2,400000,https://lh3.googleusercontent.com/p/AF1QipN2YEH8i6iy9z0UTr6N35ZWZ1gdWG9Gk6lARcHU=w447-h298-k-no,Ho Chi Minh
La Paix Saigon Boutique Hotel,"Hai Ba Trung/59 Ward, Ben Nghe, District 1, Ho Chi Minh City",4,950000,https://lh3.googleusercontent.com/gps-cs-s/AG0ilSwBVa6pG9l5iQcvxf-rk9nHmCvKElnnoVDIN6I0ZPftG79Xtnueg0I3TYZtiO82qFzIF7X1rWDIczxT7YR0flDHitqGu9T51fNnDKlwi8A5PuJBvGqX9sEwKYxc0RmcMRGup6-xzg6-2So=w224-h298-k-no,Ho Chi Minh
Happy Life Grand Hotel & Sky Bar,"102 Le Thi Hong Gam, Nguyen Thai Binh Ward, District 1, Ho Chi Minh City",4.3,900000,https://lh3.googleusercontent.com/p/AF1QipMBVPWYLJ6puHfKX6d2QmguMOc6Zw5f8vv8UKa6=w224-h325-k-no,Ho Chi Minh
Sweet Home ,"553/1A Tran Hung Dao, Cau Kho, District 1, Ho Chi Minh City",5,650000,https://lh3.googleusercontent.com/gps-cs-s/AG0ilSwfGyfcS6QwWdB5UfjCS9c6sYHFx048dEDVeTw4_kK95UCVU4nAP85GhvSYA_A-2zFTCt4jNDjepQusWrk57cFHsvf6bdgx8AKUsCLLxp57ZaPhupyPK9ZL2tgnFDjlcuL_1Hid=w224-h398-k-no,Ho Chi Minh
Aquarizon Boutique Hostel & City Bar,"197 Bui Vien, Pham Ngu Lao Ward, District 1, Ho Chi Minh City",4.3,350000,https://lh3.googleusercontent.com/gps-cs-s/AG0ilSw2I9dr5rtOSlmWDOgXaPNNbwp7_AI-pLxcMD_wn3yhywZZBGfTBCRdwN6g7WFxlI3w7UM9O3-4ZknBqt1UJ3TPZlDh5gUDJ1Z2xkTusM_Xf0qV7LGGCO_7omWsbCg1XwnIPIQ=w447-h298-k-no,Ho Chi Minh
The Alley Saigon Hotel,"283/24 Pham Ngu Lao, Pham Ngu Lao Ward, District 1, Ho Chi Minh City",4.4,750000,https://lh3.googleusercontent.com/p/AF1QipNU-Gngs42pMzQUmsA7lqflhCenlMGSRKgQ6ZKZ=w529-h298-k-no,Ho Chi Minh
Cozrum Homes Charming Corner,"16 Nguyen Dinh Chieu, Ward 5, District 3, Ho Chi Minh City",2.3,500000,https://lh3.googleusercontent.com/gps-cs-s/AG0ilSyzsGuCyO0su77bWapAUC_HeZ6F7Uv0LSfyCrvJswSjxdaZ7uxa3Jp1wFiG07VzfoWZt4QzmV6YeTbwcbiVYlH0TjVRv2Lk6KDVTBviMhlC4_Eg_I87qZThkVt1S9s6EgITEZSCtw=w447-h298-k-no,Ho Chi Minh
Sonata Hotel & Residences,"41-43 Nguyen Thi Thap St., Tan Phu, District 7, Ho Chi Minh City",4.5,1400000,https://lh3.googleusercontent.com/p/AF1QipOBKsSlMh2H-h1qftGqivpVc_LoIL4aCgb_oYSk=w493-h298-k-no,Ho Chi Minh
Saigon City Center Hostel,"385/143 Nguyen Cong Tru, Cau Ong Lanh Ward, District 1, Ho Chi Minh City",2.9,300000,https://lh3.googleusercontent.com/gps-cs-s/AG0ilSxbnLEzOdlAp5tBwW8sYGe18hFKD02Wg06rPKgw6X5ffcvEaJSwL7f0C1E5USNzfLMyANOZFkQoDpOCCh69KhKLGYNaQkUxo7ZHM2Dq8n6NAF7sSycaS5j6BWDvBsXn7F5OswuY=w397-h298-k-no,Ho Chi Minh
Fusion Suites Sai Gon,"3-5 Suong Nguyet Anh St., Ward, Ho Chi Minh City",4.5,1600000,https://lh3.googleusercontent.com/gps-cs-s/AG0ilSxo0kalBlgFc4GWNPoucp0ch4AsNspHiWqubmVpT4q_7nvm6aJirxwTxB4_tyWTle6j-kraO9vwdHkegUIifSF1t6x9VN5CV52vJwwx6ohEea4wBE-H0uOftuV6lcXauBDfJoYj=w447-h298-k-no,Ho Chi Minh
Saigon Hub Hostel,"283/2C Pham Ngu Lao, Pham Ngu Lao Ward, District 1, Ho Chi Minh City",4,350000,https://lh3.googleusercontent.com/gps-cs-s/AG0ilSw81g-btmiz9brkeEr0R2OOFvft7qnnIpscbzZWiy0QdnPJemLDl-ip-Z6qfBYa9YZsOWL4vVgdTqJ1h4zeCW8m9MhhVoI_wVc8zs5qYiJtG8f0jvmXvD5ffY5yCNWp4JDGfKAT=w529-h298-k-no,Ho Chi Minh
La Siesta Premium Saigon,"180-188 Ly Tu Trong, Ben Thanh Ward, District 1, Ho Chi Minh City",4.9,1800000,https://lh3.googleusercontent.com/p/AF1QipPj_iEydFe4aiCC0PzqOjTAmWHh2Gg9Qr6xQG2n=w446-h298-k-no,Ho Chi Minh
Dorms SG,"214/C32 Nguyen Trai, Nguyen Cu Trinh Ward, District 1, Ho Chi Minh City",4.2,320000,https://lh3.googleusercontent.com/gps-cs-s/AG0ilSx1kLX8ce3jzRODL_IT05cfxzi3i2JCv9kvfDhUBq1NVp23k9inmAxZHkL35LOHuSDuoX6kuZra4hTOR5SkU2gjT3TWFNyYqMC-ZqK_cB8Xs_p-TXYMndqN9os0Fk7oPNm7go8=w224-h485-k-no,Ho Chi Minh
Hotel Continental Saigon,"Dong Khoi St., Ben Nghe, District 1, Ho Chi Minh City",4.4,2200000,https://lh3.googleusercontent.com/p/AF1QipOUJkDo8kcCzh1WQE0McW-qU9v6nNavZCzhjpWE=w507-h298-k-no,Ho Chi Minh
Sakura Hostel Saigon,"39/26 Nguyen Trai, Ben Thanh Ward, District 1, Ho Chi Minh City",4.4,380000,https://lh3.googleusercontent.com/gps-cs-s/AG0ilSxphDkj09_TfTiKrrEz1PeX6RZA1SkamRQoK78J8jufi0Wd1Zi3rwZ_3yVWzoQi4X8oBf6v4U_7pPM5Jq5RExXj2yHWTjef5FLIJ0PGuNDv3uqAfCys84p90bKdDmbvHi3o9IJa=w224-h298-k-no,Ho Chi Minh
Mai House Saigon Hotel,"Ngo Thai Nhiem, Vo Thi Sau Ward, District 3, Ho Chi Minh City",4.8,1500000,https://lh3.googleusercontent.com/p/AF1QipMlYiUKH5OScGi1sj9c2yfyX72jvnhhDt7dtxre=w447-h298-k-no,Ho Chi Minh
Hanoi Hotel,"D8 Giang Vo St., Giang Vo, Ba Dinh, Hanoi",4.3,850000,https://lh3.googleusercontent.com/p/AF1QipPuYCt_iX5HjYj0It1VY_AQ8Dzxe3TViHYpB111=w446-h298-k-no,Ha Noi
L'hotel du Lac Hanoi,"35 Hang Trong St., Phuong, Hoan Kiem, Hanoi",4.9,1500000,https://lh3.googleusercontent.com/p/AF1QipNmUS4nMzsOj4TNI90xXWiTLNZ0_oSJeBnvXvDn=w447-h298-k-no,Ha Noi
Grand Hotel du Lac Hanoi,"18-24 Nha Chung St., Hoan Kiem Ward, Hoan Kiem, Hanoi",4.8,1800000,https://lh3.googleusercontent.com/p/AF1QipO5NPGVCRz8mtUOoQIIZZWEuVwPo4KgcdSGosGA=w397-h298-k-no,Ha Noi
The Oriental Jade Hotel,"92-94 Hang Trong St., Hang Trong, Hoan Kiem, Hanoi",4.8,1600000,https://lh3.googleusercontent.com/p/AF1QipPBEDzqpZafyaCYKpgvEdGsXuZku3xbelzedeed=w461-h298-k-no,Ha Noi
Dahlia Hotel Hanoi,"18 Hang Duong St., Hoan Kiem, Hanoi",4.5,1200000,https://lh3.googleusercontent.com/gps-cs-s/AG0ilSxKX1T-bXBdTnxqH7AwUk6SqrDHTdQraPyysfVB6yUzLqKAoXGi23svcvtMhDVAGj9TrZ8vni5LoguVrByQE3-hRwyAHoXVbx4FrpGPmGTxDon5JmMWNM1KAFkcL4O2tDhDWB3w=w224-h298-k-no,Ha Noi
Old Quarter View Hanoi Hostel,"3-5 Noi Mieu Alley, Hang Buom, Hoan Kiem, Hanoi",4.8,400000,https://lh3.googleusercontent.com/p/AF1QipNqVaFvX0j8KxrVk6QXru05vIONVkqDb_-wCeCr=w332-h298-k-no,Ha Noi
La Mejor Hotel & Sky Bar,"22 To Hien St., Hang Buom, Hoan Kiem, Hanoi",4.8,1350000,https://lh3.googleusercontent.com/p/AF1QipNXCBgIfpo6BimghgpDopkv9i99CSDbwTqcSnCW=w446-h298-k-no,Ha Noi
Hanoi Lion Boutique Hotel,"22-24 Nguyen Van To St., Cua Dong, Hoan Kiem, Hanoi",4.8,1450000,https://lh3.googleusercontent.com/p/AF1QipMhmVPaa0Enkbfs88jRt9tDDN3n_jlNd3lkD6IF=w447-h298-k-no,Ha Noi
The Autumn Homestay,"30A Truc Lac Alley, Truc Bach, Ba Dinh, Hanoi",4.2,600000,https://lh3.googleusercontent.com/p/AF1QipP5Ti5Lru60bHpoQ65q1ECdOT8AEUnaZTpH2QPM=w447-h298-k-no,Ha Noi
Grand Mercure Hanoi,"9 Cat Linh St., Van Mieu - Quoc Tu Giam, Dong Da, Hanoi",4.7,2200000,https://lh3.googleusercontent.com/p/AF1QipMKCl7l7CYEGjAP9kQFooBOEToyx6KLSM48sKzr=w382-h298-k-no,Ha Noi
De La Soie Hotel & Travel,"111 Hang Dao St., Hang Dao, Hoan Kiem, Hanoi",4.4,1100000,https://lh3.googleusercontent.com/p/AF1QipNYk9BzB4I6mcOEbSwRInM2KMQvwCjc7_kTFb-0=w224-h298-k-no,Ha Noi
The Capital Hotel ,"23 Au Trieu St., Hang Trong, Hoan Kiem, Hanoi",4.9,1650000,https://lh3.googleusercontent.com/gps-cs-s/AG0ilSydVrk27VoI-y5kqAQimPSqte_3MjvApSFKWOXiaLkgF9oHJaglhEH-sKfAq53AOcSYzpXOf8DjdXNTewWmumdKBRDIvpLHypjep7MPbsvuGa4HG71ZIopIxIbbrTFXB30wZpJjYmpIcJeT=w224-h298-k-no,Ha Noi
Hanoi Emerald Waters Hotel Valley,"22 Lo Su St., Ly Thai To, Hoan Kiem, Hanoi",5,1700000,https://lh3.googleusercontent.com/gps-cs-s/AG0ilSylVVpVeCaum0f8OXZjjSv_ZRbvIYouD8R3u8xA0xVxD4MvLdvb3HS253b6jwDrP04YCuJoIFR0V1L93gPHLQOUYJ0eWRcigCwDs5sesBcbuYesyz7FS0_XawIxNcXLISlYsuIxudYMMU3k=w285-h298-k-no,Ha Noi
Luxury Backpackers Hotel,"56 Huyen Alley, Hoan Kiem, Hanoi",4.5,350000,https://lh3.googleusercontent.com/p/AF1QipNGuKfBn46P1BHExUGypOVjkaguscingZv7RVA-=w298-h298-k-no,Ha Noi
Hanoi Daewoo Hotel,"360 Kim Ma St., Ngoc Khanh, Ba Dinh, Hanoi",4.4,2500000,https://lh3.googleusercontent.com/p/AF1QipOBAdNS0pLO2DaJ1w_R0U_-FO-JqKIpzIQSgtpK=w448-h298-k-no,Ha Noi
Coco Hotel Hanoi,"5b Tran Duy Hung St., Trung Hoa, Cau Giay, Hanoi",4.3,900000,https://lh3.googleusercontent.com/p/AF1QipNI1-MrEVsbJD1Og3IV6sbXMRhPg5fNR5esKJMT=w397-h298-k-no,Ha Noi
Acoustic Hotel & Spa,"39 Tho Nhuom St., Hoan Kiem, Hanoi",4.7,1250000,https://lh3.googleusercontent.com/p/AF1QipOrKubpKytvjpHL9yytRZ4RIw8qk1NWyJdhlFwi=w466-h298-k-no,Ha Noi
Hanoi Le Jardin Hotel & Spa,"46A Nguyen Truong To St., Truc Bach, Ba Dinh, Hanoi",4.7,1400000,https://lh3.googleusercontent.com/p/AF1QipO9EhZTslKsewIQ8hLA5uZtuWmI2PRrcr4b2aar=w224-h335-k-no,Ha Noi
La Siesta Premium Hang Be Hotel,"27A Hang Be St., Hanoi Old Quarter, Hoan Kiem, Hanoi",4.9,1800000,https://lh3.googleusercontent.com/p/AF1QipOLBxJYp-2Uxu0BMtxDc_NufR40bEEcnDGg6n9X=w446-h298-k-no,Ha Noi
Bespoke Trendy Hotel Hanoi,"12-14 Nguyen Quang Bich St., Cua Dong, Hoan Kiem, Hanoi",4.8,1500000,https://lh3.googleusercontent.com/p/AF1QipPctNFZvm2PCPZ39Z-Jgx48F3zWNjaJW3sU3iFL=w446-h298-k-no,Ha Noi
AIRA Boutique Hanoi Hotel & Spa,"38A Tran Phu St., Dien Bien, Ba Dinh, Hanoi",4.7,1350000,https://lh3.googleusercontent.com/p/AF1QipNXQMGxi0xTrK_LQdvs8JAs0lbcW8Is4RE_87es=w447-h298-k-no,Ha Noi
Hotel Mely,"21-23 Nhan Hoa St., Thanh Xuan Trung, Thanh Xuan, Hanoi",4,700000,https://lh3.googleusercontent.com/gps-cs-s/AG0ilSyvAc3IvkrMGty8T66IdPU413FTjpSZWNpdvTKJ53F9VYPlKllv0jvRzKcoI8jVKc1UOpzzCwl8FP7mc7UKo2mLdMngExk6okWbxBl983lzGlauYWB5QXJykKYetDVbpa93FUgtM3m_MTB5=w224-h298-k-no,Ha Noi
La Nueva Boutique Hotel Hanoi,"32 Lo Su St., Ly Thai To, Hoan Kiem, Hanoi",4.8,1450000,https://lh3.googleusercontent.com/p/AF1QipOXKwkKxEL-ipp7RydsPms1fNhJH0WIYnO81Y2Z=w447-h298-k-no,Ha Noi
Hanoi Holiday Diamond Hotel,"5 Nguyen Sieu St., Hang Buom, Hoan Kiem, Hanoi",4.2,800000,https://lh3.googleusercontent.com/p/AF1QipPp0u_6amOlDiWwRc_8l5Mn5-gRd8U8qHzMZmb0=w435-h298-k-no,Ha Noi
San Grand Hotel,"2 Cau Go Alley, Hang Bac, Hoan Kiem, Hanoi",4.8,1600000,https://lh3.googleusercontent.com/gps-cs-s/AG0ilSzINzyd5bA7-DQR_mzTb7iKygFKc7swkj9e2KiwcRIAtnY5NqfIeY-IVqbIoLFK5SYxR_YzUkpFEV4zYa4zjGkZ-5jehxYAYrIWGRbkat826fcYs897aQGEBP9hR0pT__ryz4FRPA=w397-h298-k-no,Ha Noi
Soleil Boutique Hotel,"211 Hang Bong St., Hang Bong, Hoan Kiem, Hanoi",4.8,1400000,https://lh3.googleusercontent.com/p/AF1QipOKPdsTUog8fm2gG2lzldMIxgaV40udDstFd8b6=w447-h298-k-no,Ha Noi
Anatole Hotel Ha Noi,"26-28-30 Nha Chung St., Hoan Kiem, Hanoi",4.8,1550000,https://lh3.googleusercontent.com/p/AF1QipP4qzLyZKo_5pZawR1YFtM1adwrWco6vV4JCyst=w446-h298-k-no,Ha Noi
Hilton Garden Inn Hanoi,"20 Phan Chu Trinh St., Hoan Kiem, Hanoi",4.3,2000000,https://lh3.googleusercontent.com/p/AF1QipPonq5YT2WD4LAkOzi7VLjaToQs6zBP9FBemE5y=w446-h298-k-no,Ha Noi
Champton Hanoi Hotel,"130 Hang Bong St., Hang Bong, Hoan Kiem, Hanoi",4.5,1100000,https://lh3.googleusercontent.com/p/AF1QipMlOirzc7t-A2hioerIgUW-k-89IqF-l0dhqLHq=w447-h298-k-no,Ha Noi
Sunset Bar,"5 To Hoa St., Tay Ho, Hanoi",4.5,300000,https://lh3.googleusercontent.com/gps-cs-s/AG0ilSzhRWexTrAqB2czGKCcjilBoIRJHQf2I_5lchJeXDd9vkdTqUhBTSBNDfo4qgy8r8r7f9-I4tymq2FqpNlKNCQ1JzztAyoruzemJ8YAEgzh58HD6NxcGzwrFZSlZ3dWgGubXvJF9w=w397-h298-k-no,Ha Noi
San Premium Hotel,"36 Ha Trung St., Hang Bong, Hoan Kiem, Hanoi",4.8,1500000,https://lh3.googleusercontent.com/gps-cs-s/AG0ilSxsxH3crkCjF9KK4TVnmhGeQ4F_avvhVCZGIH2aoyOSr6m-yvD5ENeijFboPvqGzipuj2TBctjIHRz_d333xyaSYnRAQfa13lF9gBFrJ7sw5xgbaDKEAF_1iGCRfj0zvIBedEco=w224-h298-k-no,Ha Noi
Munkhbat,"32 Yet Kieu St., Cua Nam, Hoan Kiem, Hanoi",3.8,500000,https://lh3.googleusercontent.com/gps-cs-s/AG0ilSxMYhJ9FSC2khCPxVRSC89B5HjKf2-_lNb8y4r6gEtbd5syf18ASGDgKqEk9fpC5AJtXdaQH44IiR5he105ZL6QSyKZuwDTfze-_PgEnwPvhmbAxgmVTqKoJnpOa1g0rWLn4oki=w224-h298-k-no,Ha Noi
Hanoi Plaza Suite Hotel & Spa,"13 Dao Duy Tu St., Hang Buom, Hoan Kiem, Hanoi",4.7,1450000,https://lh3.googleusercontent.com/gps-cs-s/AG0ilSzCynINqjDxxGjU8cWLdmpb1lIPLCsl2mqlPmQUUTLCHcID72qWdAQ7U7S8DOaTO4rcrUK7CI2oXIi8cXp3x84ZpuAYyAxEGXqQmaJBj58b61E-CyclaeMhg7ZmnHUM-ySpMRM68w=w397-h298-k-no,Ha Noi
Hyatt Regency Danang Resort and Spa,"5 Truong Sa St., Ngu Hanh Son Ward, Da Nang",4.5,2800000,https://lh3.googleusercontent.com/p/AF1QipOOeJZN7XXg-A3cAjtshlSKsGll0GLB2-DKZLEH=w412-h298-k-no,Da Nang
Sandy Beach Non Nuoc Resort,"21 Truong Sa, Hoa Hai, Ngu Hanh Son, Da Nang",4.3,2200000,https://lh3.googleusercontent.com/gps-cs-s/AG0ilSx1CsOK_nuJ_h2NsLC-iXM838Hm_CiVr5XfSZRuxJzQ1OM5viS0s9HTmAyrjDOVadl6krKOWKdzSrofzs6u5ubtQquLFxNwstwk9RNppqWlG13h6SvsVQWdvolDHVR_DWDFUjsC=w397-h298-k-no,Da Nang
Eden Ocean View ,"294 Vo Nguyen Giap, Bac My Phu, Ngu Hanh Son, Da Nang",4,1800000,https://lh3.googleusercontent.com/p/AF1QipNHUQaelx4vV9sz0yxtdVwwaNP6W2zjipjsyRHn=w224-h375-k-no,Da Nang
Hanami Hotel ,"61-63 Hoang Ke Viem, Bac My Phu, Ngu Hanh Son, Da Nang",4.7,1500000,https://lh3.googleusercontent.com/p/AF1QipPIVUgYTLeTD1OJNHPkRk6gBgkn0V43isHPvTpM=w447-h298-k-no,Da Nang
Golden Lotus Grand Hotel,"86 Le Quang Dao, Bac My Phu, Ngu Hanh Son, Da Nang",4.9,2000000,https://lh3.googleusercontent.com/p/AF1QipMFuVc5TtGpB_ZJ5oZz7m1wYmrVUtkwQPPBkPjR=w254-h298-k-no,Da Nang
Sekong Hotel ,"160 Vo Nguyen Giap, An Hai, Son Tra, Da Nang",4.1,1600000,https://lh3.googleusercontent.com/p/AF1QipOrYrTHs7IGzvpyYZw8s0S_KUYfq9KNfXa2Ca8=w541-h298-k-no,Da Nang
Sontra Sea Hotel,"Lot 41 Hoang Sa, Tho Quang, Son Tra, Da Nang",4.8,1700000,https://lh3.googleusercontent.com/p/AF1QipMZp6qm91BP_gl6meH5pGeges4-5fmd53WYJGo3=w397-h298-k-no,Da Nang
Hilton Da Nang,"50 Bach Dang, Hai Chau, Da Nang",4.6,2600000,https://lh3.googleusercontent.com/p/AF1QipOBmTt4Dmqo67cJ8dmXIDAUtW7IA3q1VkZD1Wbb=w224-h336-k-no,Da Nang
Radisson Hotel Danang,"170 Vo Nguyen Giap, An Hai, Son Tra, Da Nang",4.6,2400000,https://lh3.googleusercontent.com/p/AF1QipOSN8mblvk4JzfiEIbefQFALxE1nFmkayW7yuk1=w447-h298-k-no,Da Nang
Sala Danang Beach Hotel,"36-38 Lam Hoanh, An Hai, Son Tra, Da Nang",4.6,2100000,https://lh3.googleusercontent.com/p/AF1QipOWULB1YrP3CntGs1lKAjJ-WVmoMut7TRL5tXZy=w502-h298-k-no,Da Nang
Pullman Danang Beach Resort,"101 Vo Nguyen Giap, Khue My, Ngu Hanh Son, Da Nang",4.7,2500000,https://lh3.googleusercontent.com/p/AF1QipPZjhlgPiAM-8-L7CQZwrN2N3C_jgfQjhLSWIIl=w447-h298-k-no,Da Nang
Golden Lotus Hotel Da Nang,"200 Tran Bach Dang, Bac My Phu, Ngu Hanh Son, Da Nang",4.8,1900000,https://lh3.googleusercontent.com/p/AF1QipPawh-5x9zp3aXWLgvKhlHeXZtIVc1q65_gcK3a=w447-h298-k-no,Da Nang
Seashore Hotel,"16 Hoang Sa, Man Thai, Son Tra, Da Nang",4.7,1500000,https://lh3.googleusercontent.com/p/AF1QipP3K13dP2ETZw8cd3toiKEvcv8Gq54qyGSDoHLy=w224-h298-k-no,Da Nang
Son Tra Resort & Spa,"Hoang Sa, Tho Quang, Son Tra, Da Nang",4.2,1700000,https://lh3.googleusercontent.com/p/AF1QipOQkACLZf9MZEFenjVSfa-G9ajgoE09CRx_tzYZ=w447-h298-k-no,Da Nang
Danang Marriott Resort & Spa,"No. 07 Truong Sa St., Ngu Hanh Son, Da Nang",4.6,2700000,https://lh3.googleusercontent.com/p/AF1QipOO-FoCsRWUm87UAcd3LtZPwjpCY1BO0aGU2nKo=w530-h298-k-no,Da Nang
Haian Beach Hotel & Spa,"278 Vo Nguyen Giap, Bac My Phu, Ngu Hanh Son, Da Nang",4.6,1800000,https://lh3.googleusercontent.com/p/AF1QipM6vN32SOF0g3um5LtW2vqxo846pnke3nGD7CEU=w530-h298-k-no,Da Nang
Menora Grand Hotel,"69-71-73 Do Bi, Bac My Phu, Son Tra, Da Nang",3.7,1100000,https://lh3.googleusercontent.com/p/AF1QipPLdxYOCJ_uyy4cr59HgI7QijD-8E9vjtr7N9Y4=w224-h329-k-no,Da Nang
Estrella Hotel,"145 Nguyen Van Thoai, An Hai Dong, Son Tra, Da Nang",4.6,1300000,https://lh3.googleusercontent.com/p/AF1QipNcbkj_75mkkhgOd30ZdXxet8-tHHhj8-3kKfW0=w298-h298-k-no,Da Nang
Ocean Haven Hotel,"295 Ho Nghinh, An Hai, Son Tra, Da Nang",4.1,1200000,https://lh3.googleusercontent.com/gps-cs-s/AG0ilSyg4HSdTv5ElRiqSDkQAQbwQYYU0biNp1PHkOyi8n5j8R54keCn1QaDo1FO6jYo9nYYKRzg9dVr8xibWJt_qQCiXKughJxE2yzpf_JqhPuqPY1pIQ3nMXBGoDy1m8R6YFzAnt5tdzDqqPk4=w224-h298-k-no,Da Nang
Palmier Hotel Da Nang,"305 Tran Hung Dao St., An Hai, Son Tra, Da Nang",4.6,1350000,https://lh3.googleusercontent.com/p/AF1QipOzDny6xl8gprtkGnR63rPOAPvjok5uStqB-EHd=w224-h384-k-no,Da Nang
Grand Tourane Hotel,"252 Vo Nguyen Giap, An Hai, Son Tra, Da Nang",4.3,1700000,https://lh3.googleusercontent.com/p/AF1QipPEsNMqsMYYJQM9qpk351NCMEZgStT948VxUnnf=w529-h298-k-no,Da Nang
BlueSun Hotel,"230 Vo Nguyen Giap, An Hai, Son Tra, Da Nang",4.8,1650000,https://lh3.googleusercontent.com/p/AF1QipMD27eTf2TKCuAox-v8QIf_yWw4zlw5EH8uTnbw=w224-h303-k-no,Da Nang
Halina Hotel & Apartment,"158 Tran Bach Dang, Bac My Phu, Ngu Hanh Son, Da Nang",4.4,1300000,https://lh3.googleusercontent.com/p/AF1QipNZPObD47qNBD6ApXTM_EhpoQcpHa3mFEzmhUYT=w447-h298-k-no,Da Nang
Diamond Beach Hotel,"24 Chinh Huu, An Hai, Son Tra, Da Nang",3.5,950000,https://lh3.googleusercontent.com/p/AF1QipMnttvNyqR7vHv371aKZruzPmwxAFl3bBrlEwup=w447-h298-k-no,Da Nang
Zalosea Hotel,"36 My Khe 4, An Hai, Son Tra, Da Nang",4,1100000,https://lh3.googleusercontent.com/gps-cs-s/AG0ilSxmJKqjC4v2TfD0SrNVc6wkSC-uX6gONWPeFAScR0CEP66xFB92uOTsuDrbrXvNoUwf15KOywMaKd0vCfgKILhzNAI_Iu8uYPaQ4sP_BrlDm_A7QSqc6PiVeKiwxwaNzNQet4KQqQ=w316-h298-k-no,Da Nang
Gold Hotel Da Nang,"24 Nui Thanh, Binh Thuan, Hai Chau, Da Nang",4.6,1250000,https://lh3.googleusercontent.com/p/AF1QipPFHCERhl1gOGpmc959CccuvWEYLjQ4wNCVkscJ=w224-h336-k-no,Da Nang
Paris Deli Danang Beach Hotel,"236 Vo Nguyen Giap, An Hai, Son Tra, Da Nang",4.3,1500000,https://lh3.googleusercontent.com/gps-cs-s/AG0ilSzY8R8wz4mRt1XSmOFJ3z5L-IID7Y8RguEtltgQ-CZdh96Dy1qUlnwfPhVILsV878AyrZPy6mXa_qB_lVbQdvGFg-BSzdhUKlMITYMO87xUiDrq7b6K1yOKITfPBpahHvmM1PO4MHOTa4qf=w224-h372-k-no,Da Nang
New Orient Hotel Danang,"20 Dong Da, Thuan Phuoc, Hai Chau, Da Nang",4.4,1400000,https://lh3.googleusercontent.com/p/AF1QipNcQmvoQIOZJu2DdW4eQacNVbwlLAWknPfr1HIy=w447-h298-k-no,Da Nang
Mandila Beach Hotel,"218 Vo Nguyen Giap, An Hai, Son Tra, Da Nang",4.5,1550000,https://lh3.googleusercontent.com/p/AF1QipOjma9gsci6h9QoxPT7Pakj0dmidkP8trK-C_fV=w238-h298-k-no,Da Nang
Avatar Hotel Da Nang,"02 An Thuong 2, Bac My Phu, Ngu Hanh Son, Da Nang",4.7,1350000,https://lh3.googleusercontent.com/p/AF1QipMIKv_tFAZQPPEHsKzV72f1urRtJQb2pDep6BzV=w224-h302-k-no,Da Nang
Dalat Boutique PNP Hotel,"14 Huynh Thuc Khang St., Ward 4, Da Lat, Lam Dong",4.6,950000,https://lh3.googleusercontent.com/p/AF1QipPbPxVm_aZsVjJBRP_ZkwpNia0QDtHoRxJ_c5qo=w446-h298-k-no,Da Lat
Hana Dalat Hotel,"53-55 Ba Thang Hai, Ward 1, Da Lat, Lam Dong",4.7,1100000,https://lh3.googleusercontent.com/p/AF1QipM-AG-95Gexg5A5nmIQc5Oz7Vo-QMxFTG1n7fNm=w224-h304-k-no,Da Lat
MerPerle Dalat Hotel,"1 Hung Vuong St., Ward 10, Da Lat, Lam Dong",4.9,1800000,https://lh3.googleusercontent.com/p/AF1QipN_0tW7daZ3PNWIyB1-hufAcP6lduWkvkj_-RHy=w355-h298-k-no,Da Lat
Dalat Palace Hotel,"2 Tran Phu St., Xuan Huong Ward, Da Lat, Lam Dong",4.5,2500000,https://lh3.googleusercontent.com/p/AF1QipMA3dmc6SrKjg4gaj2rErnBn8xtc4pYDK549R17=w530-h298-k-no,Da Lat
TTC Hotel Premium ,"4 Nguyen Thi Minh Khai St., Ward 1, Da Lat, Lam Dong",4.1,1300000,https://lh3.googleusercontent.com/gps-cs-s/AG0ilSxygBn8stA2EkttavSMkU3Ih3NSdg_QjZRLKiCvyxVcspDmlwWQEDxl8X9cwyVDwnces9InLa8SPmnrcrsj8s2umLqEohV8Y7vHT038sr2yy3MQa77xJkqeRXWw0Uelcnmng9R9Sw=w440-h298-k-no,Da Lat
Tigon Dalat Hostel,"13 Khoi Nghia Bac Son St., Ward 10, Da Lat, Lam Dong",4.3,350000,https://lh3.googleusercontent.com/gps-cs-s/AG0ilSxNvEjsK-ObjAqhegrAQcKUX2PRBP84kAlVCsz0M5BwlznFbNEBPyMxa5eKiNyK8MdyeeaS18Nngb2xAoo-aP2pQh6G5VqX1sv13hel02kHd0PYgdKk97Ml13GAdOIddGQYP3kV=w397-h298-k-no,Da Lat
Hotel Colline,"10 Phan Boi Chau, Xuan Huong, Da Lat, Lam Dong",4.3,1200000,https://lh3.googleusercontent.com/p/AF1QipPkHtxgLMCUZUL-WXlgXM8r_Y4aGi0JBnGvkwQt=w447-h298-k-no,Da Lat
Dalat Peach Valley Hotel,"26k Yersin, Ward 10, Da Lat, Lam Dong",4.9,1600000,https://lh3.googleusercontent.com/p/AF1QipNkimpT-Xmif3PwY-wMb8LU9r-iszTxUVi0Xl1J=w224-h298-k-no,Da Lat
The Lake House Dalat,"Ward 3, Da Lat, Lam Dong",4.5,1400000,https://lh3.googleusercontent.com/p/AF1QipMLgGzgPEmqHWRpcroNgDGY_6NXpAKsOF0XjNX3=w397-h298-k-no,Da Lat
Muong Thanh Holiday Dalat Hotel,"42 Phan Boi Chau, Ward 1, Da Lat, Lam Dong",4.1,1500000,https://lh3.googleusercontent.com/p/AF1QipOcXlYw2ee0eDPj9jmp6Xtuy-f08A4Tx3i5leyB=w447-h298-k-no,Da Lat
Terracotta Hotel & Resort Dalat,"Functional Zone 7.9 Tuyen Lam Lake Tourist Area, Ward 3, Da Lat, Lam Dong",4.3,2000000,https://lh3.googleusercontent.com/gps-cs-s/AG0ilSwmtRGDl1Ab1ZyQjqUFYqGtw3bgcbMCU3P1hlkd8DwLJJldAImlyWjuZ017AnnalezPDvhddJwrkjt2wuaegFwJ2D2cDOQDh8UM70P3fJB7KmS2oPEj_T0m0KrhUthQCkBd-wc92w=w397-h298-k-no,Da Lat
Mercure Dalat Resort,"03 Nguyen Du, Lam Vien Ward, Da Lat, Lam Dong",4.6,2200000,https://lh3.googleusercontent.com/p/AF1QipOI4r8TpJBJNFjWiyd__McAC5f020BYMbA0IAkK=w541-h298-k-no,Da Lat
Zen Valley Dalat,"38 Khe Sanh, Ward 10, Da Lat, Lam Dong",4.5,1350000,https://lh3.googleusercontent.com/p/AF1QipPGzi-AaQKozaj8Sz351_v6tIF8pHvTOnSs9SXj=w396-h298-k-no,Da Lat
Kings Hotel Dalat,"No. 10 Bui Thi Xuan St., Ward 2, Da Lat, Lam Dong",3.8,850000,https://lh3.googleusercontent.com/p/AF1QipOuR41gxYHmFwGy22FD8iqpMCM1-WvR_yTK6WxX=w447-h298-k-no,Da Lat
The Palette Dalat,"E49 Pham Hong Thai St., Da Lat City, Lam Dong",4.8,1250000,https://lh3.googleusercontent.com/p/AF1QipPkzAgimkkrn1EN1EUBn-bfkGpb1v7FKSINApcl=w224-h322-k-no,Da Lat
The Luxe Hotel Da Lat,"17 Ba Thang Tu, Xuan Huong Ward, Da Lat, Lam Dong",4.2,1400000,https://lh3.googleusercontent.com/p/AF1QipPHwUX0wE3mijXaO-aclti1Hd0LG-ywYcmdS884=w529-h298-k-no,Da Lat
Golf Valley Hotel,"94 Bui Thi Xuan St., Xuan Huong Ward, Da Lat, Lam Dong",4.4,1500000,https://lh3.googleusercontent.com/p/AF1QipMd84gC3Fv-jABq3UHn1_QjMEkECc1WEtWy0UsS=w447-h298-k-no,Da Lat
Dalat Edensee Lake Resort & Spa,"Tuyen Lam Lake, Zone VII.2, Ward 4, Lam Dong",4.4,2100000,https://lh3.googleusercontent.com/p/AF1QipOTk65ojDLNviXFn4XaoQI7Cte27e_mM3zlmhxz=w397-h298-k-no,Da Lat
Iris Dalat Hotel,"20 Phan Nhu Thach, Ward 1, Da Lat, Lam Dong",4.1,1100000,https://lh3.googleusercontent.com/gps-cs-s/AG0ilSzFppV-wRkVVHgNJQTJM7ozQmzitaOhMmeDTpV2e5FW6EILAnznWoCnt3RyrAntdlIcwajrUPdHlnaI4zoY4_p0z12tPf4rckNtKaW6lzjbHANv5SKIbSNfquTtQ2vYnP8uovz-=w446-h298-k-no,Da Lat
Dalat Wonder Resort,"19 Hoa Hong St., Tuyen Lam Lake Tourist Area, Da Lat, Lam Dong",4.5,1800000,https://lh3.googleusercontent.com/p/AF1QipNu0zN8jxHBj15PO6VSj0uK6PG3Wv6CkLpMIUiv=w298-h298-k-no,Da Lat
Ana Mandara Villas Dalat Resort & Spa,"2 Le Lai St., Ward 5, Da Lat, Lam Dong",4.5,2800000,https://lh3.googleusercontent.com/p/AF1QipPo89B6-Msl6Sr5p4Z3ZjARJpYay8rDosjVAc01=w501-h298-k-no,Da Lat
DeLaSol Villa Da Lat,"91 Hung Vuong St., Ward 11, Da Lat, Lam Dong",4.5,1300000,https://lh3.googleusercontent.com/p/AF1QipPvWgAroGtRD8g-gmiZYAkGNPaVBiOySSMii7aJ=w224-h335-k-no,Da Lat
De Ma'at Hotel,"33-35 Nam Ky Khoi Nghia, Ward 1, Da Lat, Lam Dong",4.3,1000000,https://lh3.googleusercontent.com/p/AF1QipOliLjuk5H4A9MVP8cBHO86XFFh2IaN-9bb0B20=w528-h298-k-no,Da Lat
D House Dalat 2,"No. 53, An Son Villa Area, Da Lat City, Lam Dong",4.6,1450000,https://lh3.googleusercontent.com/p/AF1QipOSGVM8WkjQp57WUX5swpMT1h3luOs5Bw6ZFCFr=w447-h298-k-no,Da Lat
Saphir Da Lat Hotel,"22-24 Phan Nhu Thach, Ward 1, Da Lat, Lam Dong",3.9,900000,https://lh3.googleusercontent.com/p/AF1QipM9zCMhslQYGkg33kJ6XcaEz4tbE9gymgXe8apO=w446-h298-k-no,Da Lat
Le Recit Boutique Hotel de Dalat,"117 Bui Thi Xuan St., Ward 2, Da Lat, Lam Dong",4.4,1200000,https://lh3.googleusercontent.com/p/AF1QipPBg7l4TaNyicr3f3sYBPfhsFwQ-GlHHdWdYS0G=w224-h335-k-no,Da Lat
Du Parc Hotel Dalat,"15 Tran Phu St., Xuan Huong Ward, Da Lat, Lam Dong",4,1600000,https://lh3.googleusercontent.com/p/AF1QipN9gLO3RI5HGerCr_-WjAysCgOhJT7NGOpuJ3Y2=w446-h298-k-no,Da Lat
Roha Hotel,"1/4 Yersin, Ward 10, Da Lat, Lam Dong",3.9,750000,https://lh3.googleusercontent.com/p/AF1QipPeTUjfqltlRATerEM6UHZotrpIKt0zUUGopm1U=w224-h302-k-no,Da Lat
Artis Hotel Dalat,"11 Hoang Dieu St., Ward 5, Da Lat, Lam Dong",4.4,1100000,https://lh3.googleusercontent.com/gps-cs-s/AG0ilSyGvEkrKF1fbFGqLzq-R9KWW5FDjEH9oVpKMlkhr-fWCVjFWJKn3H3AC8c8JtD_RLaQJJZDbXGc-p3L5LfDwCpKyspgd0O8IFZo6AZ3mAYStutueaC9xjcQo7ZJIRx-sVRsLnJy=w224-h298-k-no,Da Lat
Dalat Stream Hotel,"Yen Binh/07 Dang Thuy Tram, Ward 4, Da Lat, Lam Dong",4.9,1350000,https://lh3.googleusercontent.com/p/AF1QipO9ioukX-DzdHLN8mIlLS5cyiqLeMv11AuF61RI=w397-h298-k-no,Da Lat
Ladalat Hotel,"106A Mai Anh Dao St., Ward 8, Da Lat, Lam Dong",4.4,1250000,https://lh3.googleusercontent.com/p/AF1QipOWpMve-ZKyYdl4mvUjCKGWNjHWKElGQJ2ubRYK=w529-h298-k-no,Da Lat
Sammy Hotel,"1 Le Hong Phong, Ward 4, Da Lat, Lam Dong",4.2,950000,https://lh3.googleusercontent.com/p/AF1QipPgbv4UtFs6qbbmgsU0uS23raNIac9In9Ya8xtV=w447-h298-k-no,Da Lat
Hotel Du Lys,"14 Nam Ky Khoi Nghia, Xuan Huong Ward, Da Lat, Lam Dong",4.3,1050000,https://lh3.googleusercontent.com/gps-cs-s/AG0ilSwoTTy7bS7n5QGA80-f-COjxUSj0pDTduPtUUCe7credrC4jC0bc1kvbSIuHg05OsZyUJrJkdPE3euX43NiRWTlHYkgqfdqlk-y3PqJmK9Sh1GBiksi-Vbg5SoT6NRno9PWYgccKw=w523-h298-k-no,Da Lat
River Prince Hotel Dalat,"145 Phan Dinh Phung, Ward 2, Da Lat, Lam Dong",3.8,850000,https://lh3.googleusercontent.com/gps-cs-s/AG0ilSxssrSjsN-nXp0gvqv8fGIrU-0m-hS4ke-cRXIKeYrlFV2TJY-lFKe2ly1bothJCdtFogzqewFc3paKrCuwaeJsXRowalkICbqImtMYINH25Z6NzfpsnXjyKA9cbciJXedre5k=w397-h298-k-no,Da Lat
New Life Hotel Da Lat,"6 Dong Da St., Ward 3, Da Lat, Lam Dong",4.3,950000,https://lh3.googleusercontent.com/p/AF1QipPOi7eVS-u6veIKncaMPcR7Oeu_olyNV-XSV8iE=w224-h298-k-no,Da Lat
Le Marais Da Lat,"49/7 Pham Hong Thai St., Ward 10, Da Lat, Lam Dong",4.2,1100000,https://lh3.googleusercontent.com/p/AF1QipMQoHTYGs2md3UOdPqG0uh8P_I1_xuQ7y0Z5-jt=w849-h298-k-no,Da Lat
Hotel Roy Dala,"10A Nam Ky Khoi Nghia, Ward 1, Da Lat, Lam Dong",4.4,1000000,https://lh3.googleusercontent.com/p/AF1QipPBJRbWQQG1D01WRFQgPc0wWsHdiqL6mv3sZl1I=w224-h381-k-no,Da Lat
Osaka Village Dalat,"62 Dong Da St., Ward 3, Da Lat, Lam Dong",4.2,900000,https://lh3.googleusercontent.com/p/AF1QipNLTj9nq3qdDejX0DCphTKnQQrdr7mOffjaqf0X=w504-h298-k-no,Da Lat
Mega View Homestay,"24 Cau May Alley, Sapa Town, Sapa, Lao Cai",4.9,600000,https://lh3.googleusercontent.com/p/AF1QipMBBfrk7jT215xebpDX_aKKRDYqIrIzk9QKVmdX=w447-h298-k-no,SaPa
DeLaSol Sapa Hotel ,"16 Muong Hoa St., Sapa Town, Sapa, Lao Cai",4.5,1100000,https://lh3.googleusercontent.com/p/AF1QipN8MsjHqS8IA-AU7Rashyx-_wH-K2z61cq_AJQr=w447-h298-k-no,SaPa
Pao's Sapa Leisure Hotel,"Cau May 1 Residential Group, Sapa, Lao Cai",4.5,1300000,https://lh3.googleusercontent.com/gps-cs-s/AG0ilSwTPFn9HXO3cIgaOEoYWHRFg-RWRO_9XzEkxrNF-DzGTBsgl-LDL4iocvujSL6zcxq_g7J4qmolJfHP1dTXSdtORj0Y7bBZWqBXTpAWKUigAlkNRBukKriSDOfuuPizuVMVEUUv=w397-h298-k-no,SaPa
Hotel de la Coupole Sapa ,"1 Hoang Lien St., Sapa District, Lao Cai Province",4.9,2500000,https://lh3.googleusercontent.com/p/AF1QipOL3wUi8WEy7KDXp7N5zmakWmsoKpbhvQHPgQi9=w446-h298-k-no,SaPa
Silk Path Grand Sapa Resort & Spa,"Doi Quan 6, Group 5, Sapa, Lao Cai",4.7,2200000,https://lh3.googleusercontent.com/p/AF1QipO9WENeJaBuPBOfSVbZar73jIQgz9JIJMMqRKBf=w447-h298-k-no,SaPa
Lady Hill Sapa Resort,"Nguyen Chi Thanh, Group 4, Sapa, Lao Cai",4.5,1800000,https://lh3.googleusercontent.com/p/AF1QipMk0h7shR23vUAmxNTKvrts9WOMxGKlLAzc2isP=w397-h298-k-no,SaPa
Hotels Sapa,"Ngu Chi Son, Sapa, Lao Cai",3.5,800000,https://lh3.googleusercontent.com/p/AF1QipPVrhg1plozSxMBndnILa8OhpLXbeT5uwajXUi2=w447-h298-k-no,SaPa
Pistachio Hotel Sapa,"Group 5 Thac Bac St., Sapa Town, Sapa, Lao Cai",4.5,1400000,https://lh3.googleusercontent.com/p/AF1QipOvpb3U_EBS228J6DHww-kE9tZg6PFWb0MdtJNL=w530-h298-k-no,SaPa
Bamboo Sapa Hotel,"18 Muong Hoa, Sapa Town, Sapa, Lao Cai",4.4,1100000,https://lh3.googleusercontent.com/gps-cs-s/AG0ilSxfA0w75rk_39080glUG6HPynzzl9gJSPjBBi80lNNSJG8tduJaY9QzuHRyJjf0Fyr_IbPm3uoWvDYr9jERNlLc5Lg0zX-MmfAX9RYyC2ixZ92L8VZp3BNJ7_G1gqvt8lRD31uIHQ=w397-h298-k-no,SaPa
Sapa Centre Hotel,"10-12 Cau May St., 12a Cau May Alley, Sapa Town, Sapa, Lao Cai",4.7,1200000,https://lh3.googleusercontent.com/p/AF1QipMsLPHUmZgeb1pehtTWXOG0C-F68OesncXRW4pB=w397-h298-k-no,SaPa
Amazing Hotel Sapa,"23 Dong Loi St., Sapa Town, Sapa, Lao Cai",4.4,1000000,https://lh3.googleusercontent.com/p/AF1QipO4EeqC7f7C1LjIkxofLAGTfapVwxsfHAnjLWus=w446-h298-k-no,SaPa
Sapa Pine Hill Eco Lodge Resort,"05 Hoang Dieu, Sapa Town, Sapa, Lao Cai",4.9,1700000,https://lh3.googleusercontent.com/p/AF1QipPs30GvpB2rjI_Xdv4RdSVU7Xl4hZTbrM2wlBkv=w446-h298-k-no,SaPa
Catcathills Resort & Spa,"086 Fansipan, San Sa Ho, Sapa, Lao Cai",4.6,2000000,https://lh3.googleusercontent.com/p/AF1QipMd-kYB-l5Z8LxuNcouAX6ca69uRwkhWXYfBtlO=w397-h298-k-no,SaPa
Chau Long Sapa Hotel,"Dong Loi St./24 Cau May St., Sapa, Lao Cai",4.6,1150000,https://lh3.googleusercontent.com/p/AF1QipMQyebX2OdZ_1n_Je7oIwSGBsRJEJOvn_FNBjsy=w472-h298-k-no,SaPa
Muong Hoa View Hotel,"038A Muong Hoa Road, Sapa, Lao Cai",4.5,1100000,https://lh3.googleusercontent.com/gps-cs-s/AG0ilSzqF_LZL9LqFaHYIgreoDjFn2AjhX-2rZ_tSiEOGcGohmOt373La8X6IIi1bNsVIGGzd9PpuBwpqXpDWGcklYxeVHUGDCh5iBpjdG2e_AIziGtUU1pnIGPCuzAH3i4uiQSyCs2j9Q=w397-h298-k-no,SaPa
Sapa Hills Hotel,"035 Muong Hoa, Sapa Town, Sapa, Lao Cai",4.3,950000,https://lh3.googleusercontent.com/p/AF1QipPQhBEojlh_axnDoAMhU-Y1ecAQbWyjYn8le9z6=w397-h298-k-no,SaPa
Sapa Mountain Queen House,"018 Xuan Ho, Sapa Town, Sapa, Lao Cai",4.8,850000,https://lh3.googleusercontent.com/p/AF1QipOp1jPbGdrRf7RIqtrijbuF_tlkxaEmehyjc4Ko=w397-h298-k-no,SaPa
Sapa Panorama Hotel,"10 Hoang Dieu, Sapa Town, Sapa, Lao Cai",4.1,1000000,https://lh3.googleusercontent.com/p/AF1QipP_9imUJR7VkW9H0rgQNvOkogrjCtP_0govsItF=w346-h298-k-no,SaPa
Hotel Cat Cat Galerie d'Art,"46 Fansipan, Sapa Town, Sapa, Lao Cai",4.6,1300000,https://lh3.googleusercontent.com/p/AF1QipONL00vKkddNaNn4gSNmF9ikzs5wOkoYXN0Vc0F=w530-h298-k-no,SaPa
Hotel Sapa Green & Spa Sapa,"02 Hoang Lien, Sapa Town, Sapa, Lao Cai",4.7,1250000,https://lh3.googleusercontent.com/p/AF1QipPRxHDgwJ5yVHSZsmjXiPQ2HkH8EXIzlMPLPaDw=w224-h335-k-no,SaPa
Sapa Clay House,"Lao Chai, Sapa, Lao Cai",4.4,900000,https://lh3.googleusercontent.com/gps-cs-s/AG0ilSxYAlgrLoAtnUkDy9jqYC3AYOtOFKeNuGjDrexMCSWROBAuNyKAyCunIjjs0MNnrZmYuHp-gkC0SL6_ebYlPL5y5Upc9JwYSrOY7E5DrhMFLKOEXsA9cjbMzWuWQSy_wbwncQc=w397-h298-k-no,SaPa
Aliana Boutique Sapa Hotel & Spa,"No. 30 Hoang Lien St., Sapa, Lao Cai",4.7,1400000,https://lh3.googleusercontent.com/gps-cs-s/AG0ilSyQuv7ZDy75kyIz_w13yJh-pQQg7Z5ixoNUs3KoBxqHMRIWdBGQaNqcH7GLk4INIjUt5Z_RQc2CR0DWHT9ByRfjHthT5FVvhRPbOSgNlKgVi3Ziz85aNUmZ6OToP4L3mto6PEUE0Q=w397-h298-k-no,SaPa
Nesta Hotel ,"9C Tran Phu St., Cai Khe, Ninh Kieu, Can Tho",4.3,1100000,https://lh3.googleusercontent.com/p/AF1QipMQ4iivqDTQn0anb9JuKBypMjCgSnPnUJWF_s9Z=w447-h298-k-no,Can Tho
Muong Thanh Luxury Hotel,"Zone E1, Con, Can Tho",4.4,1800000,https://lh3.googleusercontent.com/p/AF1QipPZE8rGFGqIyYmDIdDmqvtIeSDcSGcesp4WHHxT=w447-h298-k-no,Can Tho
Sheraton Can Tho,"209 30 Thang 4 St., Xuan Khanh, Ninh Kieu, Can Tho",4.6,2500000,https://lh3.googleusercontent.com/p/AF1QipNJjaHeKDM7a6ziQVlIUOEVaEJ158kz6XpVdSys=w529-h298-k-no,Can Tho
Magnolia's Can Tho,"79 Chau Van Liem St., Tan An, Ninh Kieu, Can Tho",4.5,1600000,https://lh3.googleusercontent.com/p/AF1QipPmoGvqx50ikAwJSZLMgjMk2ANkBtBBMLRj58zV=w446-h298-k-no,Can Tho
Charmant Suites a Boutique Hotel Can Tho,"45 Ngo Quyen St., Ward, Ninh Kieu, Can Tho",4.5,1400000,https://lh3.googleusercontent.com/p/AF1QipPh4_Uy_MOpjw7e8P8vCKKAf90rhSU9JKU7Nu7m=w492-h298-k-no,Can Tho
Ninh Kieu 2 Hotel,"03 Hoa Binh St., Tan An, Ninh Kieu, Can Tho",4,1000000,https://lh3.googleusercontent.com/gps-cs-s/AG0ilSxEl-iRx4m2BfTAN6hi7x7mUV2J0hPLDc08LKyh_Dj4wSeXW0vANC5pjodpFrdCxM2Qirp2ylYMo0fQ-wNLdlaaqaWV1UTbJEowMKbQFS9NhO2noqcMX5_ripFNUoggXb8DWt7pCA=w436-h298-k-no,Can Tho
Van Phat Riverside,"2 Nguyen Van Cu St., Cai Khe, Ninh Kieu, Can Tho",4.4,1300000,https://lh3.googleusercontent.com/p/AF1QipMfyKFPCA68iOUopt2t6nWCfgbcwFlN4Zwr1Jrx=w510-h298-k-no,Can Tho
IRIS Hotel Can Tho,"IRIS Building, 224 30 Thang 4 St., Xuan Khanh, Ninh Kieu, Can Tho",4,1100000,https://lh3.googleusercontent.com/gps-cs-s/AG0ilSxxoqm5I8Phcz_RaAyY5VNg_j_v1cpLc7kuNBG5ZGpO8zm3OC04rD8GuZemYo4O4afjViHm1IZ6m5ybt2TsoDqYDkhY235WNh43HhoYp7YPFgWGc05-n5U77wD7UHSpHi7SjSo=w298-h298-k-no,Can Tho
Asia Hotel Can Tho,"91 Chau Van Liem St., Tan An, Ninh Kieu, Can Tho",3.5,750000,https://lh3.googleusercontent.com/gps-cs-s/AG0ilSyEwtVXSAvnI_bP0Fr09FKCur4qM6bAzaxTiABkHwfqg2xOKjsHSxgzU-YrQFfE702vFq9zANrLdGo3UWkY_MDCfPfhz4G_7aLyvnXuPoiZRq0WFAQPcZ5jndPrIJQGM0SRPW6DhwhltbEp=w397-h298-k-no,Can Tho
Victoria Can Tho Resort,"Cai Khe, Ninh Kieu, Can Tho",4.7,2200000,https://lh3.googleusercontent.com/p/AF1QipMmkt9pOuKeahG4bVw5caWP_hGJmzDn8I1uvAwg=w447-h298-k-no,Can Tho
Con Khuong Resort,"99A Nguyen Huu Cau St., Con Khuong, Ninh Kieu, Can Tho",4.5,1500000,https://lh3.googleusercontent.com/p/AF1QipNiBlhOIC4N6PawuAa--WmjBSynsY5DOy6R32Tt=w446-h298-k-no,Can Tho
Aura Hotel,"79B Pham Ngoc Thach St., Cai Khe, Ninh Kieu, Can Tho",3.8,700000,https://lh3.googleusercontent.com/gps-cs-s/AG0ilSzijau6bD_Z5aRtdUd6FhJapp8d_1LERsi6et5WJ3wlRJQoOIqzbcNBabu8Hv6JrLVGolga_UI4CsxE7ZREXZb2Y-TiqYBeLmMUTYMpAlNBrQDlRevCRJIOKpmvaQkD-0uFfy_a=w224-h298-k-no,Can Tho
Midmost Boutique Hostel,"12/3 Hoa Binh St., Tan An, Ninh Kieu, Can Tho",4.5,400000,https://lh3.googleusercontent.com/p/AF1QipO0YXz1KIOGOCUI46TRIvn8KUPgP8aSE0m2ZEwz=w224-h325-k-no,Can Tho
Lion 8 Hotel,"79B Pham Ngoc Thach St., Cai Khe, Ninh Kieu, Can Tho",4.5,900000,https://lh3.googleusercontent.com/p/AF1QipOPdJkE79lo4NaZ3_yuoTZw_vd0g7Q1cCLyox7J=w224-h298-k-no,Can Tho
Holiday 2 Hotel,"79 Pham Ngoc Thach St., Cai Khe, Ninh Kieu, Can Tho",4,800000,https://lh3.googleusercontent.com/gps-cs-s/AG0ilSwCCOElq5qGduo9uVJp6PZk5As-RdIOEcph5AdWcDJoMQdM28oEA7cDfXJDmnOT4775sxfOF2wWUdxwhCoeNJlvnOKyi1v4xG3EGhrHW_kyc0c2W5qUBGUypOmQKmAIjRZZJpYT=w224-h301-k-no,Can Tho
Ninh Kieu Fortuneland Hotel,"139A Tran Van Kheo, Cai Khe, Ninh Kieu, Can Tho",4.1,950000,https://lh3.googleusercontent.com/p/AF1QipPqaZy3zivDBgRXUyTRorO1fAbJK0t4_BRcOx43=w397-h298-k-no,Can Tho
Pandora Hotel Can Tho,"57 Nguyen Thi Tinh, Cai Khe, Binh Thuy, Can Tho",4.9,1300000,https://lh3.googleusercontent.com/gps-cs-s/AG0ilSxRkzWyxhYxH4qMtGjFg_4kA51wu4sJSBB97ruyhmT2Me_4vAcN3YffF7BL_1oFrmzInzQx_fmPvF9ixRm8OkMuPrY5FlUGrHsIqaWANIX9-rhsLVxt3hOWm9kbxMjg3wpSRZSm7g=w224-h298-k-no,Can Tho
Holiday One Hotel,59-61-63-65 Pham Ngoc Thach,3.9,800000,https://lh3.googleusercontent.com/p/AF1QipM2SYNwoyBKiXy0wq881qGn-_4q-b5LijIMvpR_=w298-h298-k-no,Can Tho
Lion 3 Hotel,"14-16 Pham Ngoc Thach St., Cai Khe, Ninh Kieu, Can Tho",4.5,850000,https://lh3.googleusercontent.com/p/AF1QipP7eavmVVhajLS9zk72ichX-VaZntZwyWVd_ACs=w224-h351-k-no,Can Tho
Hoang Son Hotel Can Tho,"191A Tran Van Kheo, Cai Khe, Ninh Kieu, Can Tho",4,900000,https://lh3.googleusercontent.com/gps-cs-s/AG0ilSwbeBMkUa_A7ABuj7DSoCZFd35o3nwfgsWE8MBVGXxkUBCdQOoZKuFHvmH8wH0EX-GJBulCNFFGFPGm8ZUtsIigfaw6rsKBEb_dDL-Y4MBwy8ukWcT_lNnxhTovHlS3NAJh_euKbCRHtbM=w224-h298-k-no,Can Tho
Nam Bo Boutique Hotel & Restaurants,"1 Ngo Quyen St., Tan An, Ninh Kieu, Can Tho",4.2,950000,https://lh3.googleusercontent.com/gps-cs-s/AG0ilSw5gdFzmioPpRxm9QC8ZCBAzsl5Ta3Mhc4tkPzsYUVT47GlgyjqyXj-zuJUgsgbZLgnQxCq0ZkAmxgyUAfAHZVPAS4rLLlh3XUyjyOv0NVvGDionONfiW7ZpaipAq6eSK6w3u4E=w529-h298-k-no,Can Tho
Lion 6 Hotel,"180/9 558, Hung Loi, Ninh Kieu, Can Tho",4.9,950000,https://lh3.googleusercontent.com/gps-cs-s/AG0ilSzbjqA4wORvHUQTSMl_qFmYt8szXZD_9wjkqiE9oe9P6dQU_yaQ0SaSL4yTjRpJIRQp7Fg2x0uMw0LsHRAo7RlWIwOthykWiZbRbwMdZzuowX7xosxouZA9A0ApR5tAYPeH1j7R=w224-h298-k-no,Can Tho
Anh Dao Mekong Hotel,"85 Nguyen An Ninh St., Tan An, Ninh Kieu, Can Tho",3.9,800000,https://lh3.googleusercontent.com/gps-cs-s/AG0ilSw3bjXNpBeIin8CYVTbuuvGyWjIhS5VPRqNUDspc3Jl7A9UmMqg80-suYp34HcpmiSxmqVLDuU3sa9665mAJWJdN5O76CKiwfmCxFIAdXolSO9tjU97Jb_6CqpsCFqs22YrCyTH=w398-h298-k-no,Can Tho
Lion 9 Hotel,"6 Ly Tu Trong St., Thoi Binh, Ninh Kieu, Can Tho",4.9,1000000,https://lh3.googleusercontent.com/p/AF1QipO8fPhvpmyM8kwqistLQcQ8x01lhtBdN2z4J-2-=w224-h298-k-no,Can Tho
Henry Iris Hotel,"22B Le Thanh Ton St., Tan An, Ninh Kieu, Can Tho",4.2,850000,https://lh3.googleusercontent.com/gps-cs-s/AG0ilSxf6ZmqZ_fvt8SD7cbKc6k6HIDc44CG_s6hPsTUZGFTH7hMqbyQfD2yGHg-eS2RDFyhoHUK7nM2PnYSxf2cgwrsRy-OV7VRrS78-LT6-DqNc5woOgCMRdxYMHzFmVjVCwrmMfqI=w224-h398-k-no,Can Tho
Hotel Caravelle Can Tho 2,"248-250 A2 St., Hung Phu 1 Residential Area, Cai Rang, Can Tho",4.6,1100000,https://lh3.googleusercontent.com/gps-cs-s/AG0ilSycXDAU3YT20mdvrC8UtcD-I1Gwuf3Tru8UrbskSv6RwPe-Ot-zz5lZBpy8ySkdj1vPui8t0QWnMHjv_uB6k4dX6MsBsbwKNNtv4VDoSLXqq3KwneY-yN7iDJQVZN3G7G_XkO3G_XOW_4CZ=w224-h298-k-no,Can Tho
Lion 5 Hotel,"2-4 Hoang Van Thai St., Hung Phu, Cai Rang, Can Tho",4.9,1050000,https://lh3.googleusercontent.com/p/AF1QipMQw-lDesdB0e0mNDBpOlkc969KSm-BFopPtK7t=w224-h318-k-no,Can Tho
Hoi An Emotion Villa,"90 Tran Quang Khai, Cam Chau, Hoi An, Quang Nam",4.3,900000,https://lh3.googleusercontent.com/gps-cs-s/AG0ilSxC-37tf7WERXU7-NxSAq6zHHmH9cK0AOfmbGc7rPCOKAgy9HfUvklh6YqzxqnpU8PFlBf31HlShA3625IBbgwgPwTnnBZ6_6-mKCRPO-b_W5OTLd9i6Qfg35YYfd2-oDNHKo-o=w397-h298-k-no,Hoi An
Hoian Central Hotel,"301 Nguyen Duy Hieu, Cam Chau, Hoi An, Quang Nam",4.8,1200000,https://lh3.googleusercontent.com/p/AF1QipM5ujNcSeiI5cyLj8Qa54UhKiSMBQTdWkfI8SKK=w446-h298-k-no,Hoi An
Hoi An Four Seasons Villa,"Opposite 63 Ly Thai To, Son Phong, Hoi An, Quang Nam",4.6,1100000,https://lh3.googleusercontent.com/p/AF1QipMu1uRg6F6yUnp9mKtPCOGO9OkSGnBqqwlcK5x5=w447-h298-k-no,Hoi An
La Siesta Hoi An Resort & Spa,"132 Hung Vuong, Hoi An Tay, Hoi An, Quang Nam",4.8,2000000,https://lh3.googleusercontent.com/p/AF1QipNYBCUINM6_hNLJHlhLmqO-HVYDilIPT9CJwXEs=w447-h298-k-no,Hoi An
RiverTown Hoi An Resort & Spa,"47 Thoai Ngoc Hau St., Hoi An, Quang Nam",4.8,1800000,https://lh3.googleusercontent.com/p/AF1QipN8_84Ov-JcwxpTgEWxdhxmdhuDmZ35zUi1BUxF=w446-h298-k-no,Hoi An
Hoi An Historic Hotel,"10 Tran Hung Dao, Son Phong, Hoi An, Quang Nam",4.4,1300000,https://lh3.googleusercontent.com/p/AF1QipMt6o-BInNzXBuQ2OOuYuIJpU0iIifKop_vAXK7=w447-h298-k-no,Hoi An
Hoi An Reverie Villas,"257 March 28, Thanh Ha, Hoi An, Quang Nam",4.1,1400000,https://lh3.googleusercontent.com/p/AF1QipP5nDQUI-FGQgVLyP3iM_5Yt7XgXR47WIUt2vSx=w482-h298-k-no,Hoi An
Gem Riverside Hotel ,"14 Luong Nhu Bich, Cam Nam, Hoi An, Quang Nam",4.5,1500000,https://lh3.googleusercontent.com/p/AF1QipPSvQ-FNC3tUq4HN7rNx0s0FvQf7UONiz3NJF6u=w508-h298-k-no,Hoi An
Wafaifo Resort Hoi An,"328 Ly Thuong Kiet, Tan An, Hoi An, Quang Nam",4.9,1900000,https://lh3.googleusercontent.com/p/AF1QipOIiCXF-1H3yuZCFM7BwKABDYes90JRlzyUidkT=w446-h298-k-no,Hoi An
Nature Resort  Hoi An,"Block A, Trang Keo 6, Cam Ha, Hoi An, Quang Nam",4.3,1600000,https://lh3.googleusercontent.com/p/AF1QipNzbRaXXZcvHvhBnTs7IeMcW-80qSidT6q7N3Nw=w446-h298-k-no,Hoi An
iHome Hoi An,"54 Nguyen Tri Phuong, Cam Nam, Hoi An, Quang Nam",4.6,1200000,https://lh3.googleusercontent.com/p/AF1QipPFQ9lXy_QtvvxSIbe4C5ITFI-W7b58Rd617rCX=w447-h298-k-no,Hoi An
Silk Sense Hoi An River Resort,"01 Dong Da, Cam An, Hoi An, Quang Nam",4.8,2200000,https://lh3.googleusercontent.com/p/AF1QipPaq3w5EGwiOTd0f5Kh_PCTaDZbDAf8Y4ryZpCQ=w465-h298-k-no,Hoi An
Hoi An Canal House,"30 Nguyen Du, Minh An Ward, Quang Nam",4.5,1400000,https://lh3.googleusercontent.com/p/AF1QipPSZrPqp1O5UxSDm4ZoZOIPB5Tps0SDDvECz1v8=w445-h298-k-no,Hoi An
Anantara Hoi An Resort,"1 Pham Hong Thai St., Cam Chau, Hoi An, Quang Nam",4.6,2500000,https://lh3.googleusercontent.com/p/AF1QipOSgNp21_3Y0XQAg_gH1gduVNYpG70uFqF4LMPc=w447-h298-k-no,Hoi An
Lantana Boutique Hoi An Hotel,"09 Thoai Ngoc Hau, Ward, Hoi An, Da Nang",4.5,1300000,https://lh3.googleusercontent.com/p/AF1QipNjX9PW0Nv0S4q-8f3qe2wmKP22BJCZBa1nWYxQ=w530-h298-k-no,Hoi An
Little Oasis ,"215 Le Thanh Tong, Cam Chau, Hoi An, Quang Nam",4.9,1700000,https://lh3.googleusercontent.com/p/AF1QipN9pffLkrAMb8sMoCy0qQ5c_Y_YHVUpq4_KUsCx=w447-h298-k-no,Hoi An
Hoi An Tomorrow Village Boutique Villa,"119 Nguyen Tri Phuong, Cam Nam, Hoi An, Quang Nam",3.8,1000000,https://lh3.googleusercontent.com/gps-cs-s/AG0ilSwHdMd_0-M8NntLnyF7t9nqL_CcurxWcKVKMxbW57z08gpM1HxqHsB9anGv4WJdS9XXTwyW_KNT4-Q8Z35HmJ2GqHP47zDPJNBXKdGooP69k2xchWay-dbCwAimltnIt86ttbJZwQ=w446-h298-k-no,Hoi An
Victoria Hoi An Beach Resort and Spa,"Beach, Au Co St., Hoi An, Da Nang",4.6,2400000,https://lh3.googleusercontent.com/p/AF1QipMplrKU9dAxKkc7yqAg-TEWX-uQrG-RS_XJ4L9W=w397-h298-k-no,Hoi An
Hoi An Beach Resort,"1 Cua Dai, Hoi An, Quang Nam",4.4,1800000,https://lh3.googleusercontent.com/p/AF1QipPlh3lwMU2rilYR2cS371SWwr_xJt64qwkEdQaY=w446-h298-k-no,Hoi An
La Charm Hoi An Hotel & Spa,"64 Dao Duy Tu, Cam Pho Ward, Hoi An, Quang Nam",4.8,1400000,https://lh3.googleusercontent.com/p/AF1QipNp7ACjnTC4n_GVslrhGbsNj-lXSsPvpLsr1PgP=w446-h298-k-no,Hoi An
TTC Hotel - Hoi An,"224-226 Ly Thai To, Hoi An Dong Ward, Hoi An, Da Nang",4.4,1100000,https://lh3.googleusercontent.com/p/AF1QipMZ4X40Z9PgWI4WjkRyZLas6QsYBnU9kfLa6sTp=w447-h298-k-no,Hoi An
Calla Hotel Hoi An,"98 Dao Duy Tu, Cam Pho Ward, Hoi An, Quang Nam",4.8,1200000,https://lh3.googleusercontent.com/p/AF1QipN2mhxNFa1bZDMQgxpSj6g8DskBH5cIKPBInUCp=w328-h298-k-no,Hoi An
Hoi An Corn Riverside Villa,"Luong Nhu Bich, Ha Trung Block, Hoi An City, Quang Nam",4.2,1000000,https://lh3.googleusercontent.com/gps-cs-s/AG0ilSxv9trqHG8b1irap_cnNGmUZKDSrci6YeNa1qpI6SAkV-8y507OM72sm9-UqZbdWBjHRaovHXG-sPtQzPLEnDn8_IYqSZDIThtNkhsGc8G6FTA6DO7MDG3L8Co__cpHrJN2h1M=w397-h298-k-no,Hoi An
Hoi An Green Riverside Oasis Villa,"11 Tong Van Suong, Cam Thanh, Hoi An, Quang Nam",4.7,1350000,https://lh3.googleusercontent.com/p/AF1QipPu6MH0j5IVKXkAvIEEclbEtcgEIs_U-oKf7xk=w446-h298-k-no,Hoi An
KOI Hoi An Resort and Spa,"Cua Dai Beach, Au Co St., Hoi An, Quang Nam",4.4,1900000,https://lh3.googleusercontent.com/p/AF1QipPcDsk22_2OVbw09h-CDaNAgKrdfz0ySrggTQjE=w397-h298-k-no,Hoi An
Moodhoian Riverside Resort & Spa ,"Group 1 Vong Nhi Village, Cam Thanh, Hoi An, Quang Nam",4.9,2100000,https://lh3.googleusercontent.com/p/AF1QipMY45YZizl69c-_5LjLvdk2avJVcdIJQ2xsCRSZ=w446-h298-k-no,Hoi An
The Pearl Hoi An,"An Bang Beach, Cam An, Hoi An, Da Nang",4.3,1600000,https://lh3.googleusercontent.com/p/AF1QipPgDs0n26S80ozC7Dif5a_9l1cuzbQPvbuPw8dq=w529-h298-k-no,Hoi An
Emm Hotel Hoi An,"187 Ly Thuong Kiet, Minh An Ward, Hoi An, Da Nang",4.5,1500000,https://lh3.googleusercontent.com/p/AF1QipOWSbhN5Wu5L-IcnUeGmkRCEwA7nURaQ2o2DXkD=w447-h298-k-no,Hoi An
Bellerive Hoi An Hotel & Spa,"33 Le Dai Hanh, Cua Dai, Hoi An, Quang Nam",4.7,1700000,https://lh3.googleusercontent.com/p/AF1QipMWU6IRBaYKt5330NEQsO2TxJLRJCccZeqkT491=w446-h298-k-no,Hoi An
Laluna Hoi An Riverside Hotel & Spa,"12 Nguyen Du, Minh An Ward, Hoi An, Da Nang",4.6,1600000,https://lh3.googleusercontent.com/p/AF1QipNg7OdlxRb-oLOdJWCNWRxAUseDck5Rj4r6uLfq=w461-h298-k-no,Hoi An
Fivitel Hoi An Hotel,"207 Au Co, Cua Dai, Hoi An, Quang Nam",4.3,1400000,https://lh3.googleusercontent.com/gps-cs-s/AG0ilSxlYSHFMUb15R1vPYqvh0INTqisJZBHSyb-7rwgYAZ13Jz-q_yx2MLYprjHS2PfuVcwAMa_O9iWdn0EoYfG-F3-PMGJwkQyuPPxsKEIffSu1PXSPkOocPSLKUCbOIkHZ1UpANGy8rtCNeVZ=w224-h298-k-no,Hoi An
Hoian Royal Villa,"20 August 18, Cam Pho Ward, Hoi An, Quang Nam",,1300000,https://lh3.googleusercontent.com/gps-proxy/ALd4DhHbHJg-51lzYY_gqcOmwCY7uhkzZUfEv5zjwhR6Jsr0vGWWqKoxWegSYO9dBvofmeQf8DR_uDdYfRa_Ur0H9ATol_v8MEdkV_j4Bj90L3AjJEpu0yUX5JACWJys1plavw6x_0j_c6X8-k7_JrLAIZ5K4seh-T_R95T614pubaifUr1U64MQHoCUgA=w32-h32-p-k-no,Hoi An
Hoian Central Boutique Hotel & Spa,"91 Hung Vuong, Cam Pho Ward, Hoi An, Quang Nam",,1250000,https://lh3.googleusercontent.com/gps-proxy/ALd4DhFpdIGc5FrwV_rRRs2yAbSlqJrVJESsafkI9ld8kL3xkgFCm2MuodnAJj1h3RMJXAeftyUmEqfutbMImnOBR20JbclPdTiP9Y0IDn7SJvZ9IhgpxXgfHHmRlyGhm4Ohp1xJG8xji9BnVbnLjdW96t0mvBqRSmmXl1zefHG8ippkTepATzoOK4vseQ=w32-h32-p-k-no,Hoi An
Little Riverside Hoi An ,"09 Phan Boi Chau St., Cam Chau, Hoi An, Quang Nam",,1500000,https://lh3.googleusercontent.com/p/AF1QipOXWyf58Gdg3kp2J3QHdofKPmIbtgZxIRuY7S-T=w32-h32-p-k-no,Hoi An
Hoian Delicacy Hotel,"No. 116 Hung Vuong St., Hoi An, Quang Nam",,1100000,https://lh3.googleusercontent.com/p/AF1QipMFO-Z-1YLPVx2oV27_I4RfWZzocdFSZUd92tFT=w32-h32-p-k-no,Hoi An
Legacy Hoi An Resort,"Cam Thanh, Hoi An, Quang Nam",4.9,2200000,https://lh3.googleusercontent.com/p/AF1QipNj6BYRlbXNIiyf3jgZs-vw8z6156MpzC64wxGi=w503-h298-k-no,Hoi An
La An Old Town Hotel,"10 Luu Quy Ky, Minh An Ward, Hoi An, Quang Nam",,950000,https://lh3.googleusercontent.com/gps-proxy/ALd4DhFP_R38z-nWSx3wrTv9bekFt5aGTYBVkQbHF-cVa8NqoQwqJPepoHw4_Z6pC2f-X7fZ-vS9UsZxCOkOwndQOWmX-RPHl84CDgtjoI8Xc_WtVn77lOKmv03_YLIYkW9D2X6P4xjx-WMggUFqIc9JKmNc1_qRCGUDEp-lmfjxzK6o_SA1m5BbWkMV=w32-h32-p-k-no,Hoi An
Hue Serene Palace Hotel,"21 Alley 42 Nguyen Cong Tru, Phu Hoi, Hue, Hue City",4.5,850000,https://lh3.googleusercontent.com/gps-cs-s/AG0ilSxcMQH1B2MrU9S8AaD42mGS83k9LDQYnKjZtrrlfNHu6kPsU-wDPZa7BBJemlwH3BNg9TQWBA-OOhciiO9ZKFHlesMI8fydFy9ro2XPqUdIigN4pu329cHGmZXKamTUZwJQIYw=w224-h348-k-no,Hue
La Paix Hue Riverside Villa,"Alley 139 Nguyen Sinh Cung, Vy Da, Hue, Hue City",4.6,1300000,https://lh3.googleusercontent.com/gps-cs-s/AG0ilSxYxY_ej498ma8Po0DljW8TGftfU0LfdT4PlZPtyaQLLndGvQlBbRtR_q_lv2wbrFWwxQvSiGULuOj6wHnYiFHyoK94g_7fX4sKV-o_rx9CGmJVub5sUUqcSytNBen4muPk3fo18Q=w397-h298-k-no,Hue
Melia Vinpearl Hue,"50A Hung Vuong, Phu Nhuan, Hue, Hue City",4.8,2200000,https://lh3.googleusercontent.com/p/AF1QipPhy7Oo00izna08LNMNhcllQDwpk_kTB3_yMT4j=w528-h298-k-no,Hue
Muong Thanh Holiday Hue Hotel,"38 Le Loi, Thuan Hoa Ward, Hue, Hue City",4.2,1400000,https://lh3.googleusercontent.com/p/AF1QipPpR_Nvz7ZZnefLZOEfoQsApbGtp6pI7DRy9B4v=w477-h298-k-no,Hue
Huong Giang Hotel Resort & Spa,"51 Le Loi, Thuan Hoa, Hue, Hue City",4.1,1600000,https://lh3.googleusercontent.com/p/AF1QipPrX0NjY-Wfe7QTBLijE2cl_emI0YMW2R7DB-DK=w491-h298-k-no,Hue
Moonlight Hotel Hue,"20 Pham Ngu Lao, Phu Hoi, Hue, Hue City",4.3,900000,https://lh3.googleusercontent.com/gps-cs-s/AG0ilSyGorJDkO1dMqxROu-30lSBlI7O4lLLeVttZfD8f1yPS_XUTAQLlgS62uLZERFE1tovtik5EtREptNZmHpPosy6DwH0-Hk39S1KvVDg5F5dWYKfQNVkY6avtXR2ONR_8g1OD7yN=w397-h298-k-no,Hue
Azerai La Residence Hue,"5 Le Loi St., Hue, Hue City",4.7,2500000,https://lh3.googleusercontent.com/p/AF1QipOzm-MSdoMAdtEV7pt6CkAJ_6bCH8Hy2_N3wgHl=w397-h298-k-no,Hue
White Lotus Hue Hotel,"05-07 Hoang Hoa Tham, Phu Nhuan, Hue, Hue City",,1100000,https://lh3.googleusercontent.com/p/AF1QipMMx-0tAgJgRKjsqUBMy7aBid5J41C0iXYtjeho=w32-h32-p-k-no,Hue
Villa Louise Beach Resort,"Beach, Road 49 B, Phu Thuan, Phu Vang, Hue City",4.2,1800000,https://lh3.googleusercontent.com/p/AF1QipPgOtYMamnHy5Yn7O4MpHb_dholiMLU74wxyDAK=w447-h298-k-no,Hue
TTC Imperial Hotel,"08 Hung Vuong, Phu Hoi, Hue, Hue City",4.6,1500000,https://lh3.googleusercontent.com/p/AF1QipPgASgxB09fwlPi4YOVJYJnRr5jS2__tUqbxlwK=w447-h298-k-no,Hue
Le Carre Hue Hotel,"44-54 Le Loi, Thuan Hoa Ward, Hue, Hue City",4.3,1300000,https://lh3.googleusercontent.com/p/AF1QipNiHL81RBFyuBfAWnLwBGjbyRXViSdLyQq620X0=w442-h298-k-no,Hue
Silk Path Grand Hue Hotel,"2 Le Loi, Vinh Ninh, Hue, Hue City",4.6,1700000,https://lh3.googleusercontent.com/p/AF1QipNJ1xaBLxIUC1O9JLaDWgGwJ1XLFTiNrnTW3PqS=w447-h298-k-no,Hue
Dragon Hotel,"19 Doi Cung, Phu Hoi, Hue, Hue City",4.8,1000000,https://lh3.googleusercontent.com/gps-cs-s/AG0ilSzfQ6Ss94lkAsiiP0Hbna8QuMccAAvLP1Uddv543EAIZspbof_Ei5sj6WtBrbBuVoyhST2krkkq0rlDX4znj3I9cSA6g9meClHZ9GvFP7nsU0mla4y0symmad3LrEB0pR0hrcAoGQD1Tzy5=w224-h298-k-no,Hue
Century Riverside Hotel Hue,"49 Le Loi, Phu Hoi, Hue, Hue City",3.9,1200000,https://lh3.googleusercontent.com/gps-cs-s/AG0ilSxNtjw7LjGw_1D8uBEk3J8r6NWybdU8bs7cTrAuPo6KCTleQ5GHPWHvDWX97SpM_0juRvupjS4u6tHXZ_1p0HrIqwdD4u4Kl1PT8LGQ5uFQTbfUfBQM-yx6d6i1KJWDriqo0L4w=w397-h298-k-no,Hue
Meta Luxury Hue,"13 Alley 34 Nguyen Tri Phuong, Phu Hoi, Hue, Hue City",5,1400000,https://lh3.googleusercontent.com/gps-proxy/ALd4DhHApK1jRJDC75OJjtEBz1FLQfGtuJ0RmPIKoIm7HwGPT8Lxxn4MsEMlA1gW4Medu3eja6aVr0UPo8i4yqW6Tfmorts6g1UXdTL7Xi1ZEuzltCGeOotb9YmF13_dJhp-K1HmQ-Dh6xyl4iN-qU1IasAbGX7lB8d19OLP6JM8fNQzQbC2bBZo1IfA=w32-h32-p-k-no,Hue
Orchid Hotel,"30 Chu Van An, Phu Hoi, Hue, Hue City",4.3,950000,https://lh3.googleusercontent.com/gps-cs-s/AG0ilSyucfZd13HEYBnPMmcBv3eSw6tAkv9Lswmd3Dsy1ICqUx-rgIAo5tu12M6t-5TJgR57lvEv3cj7eFMgjJ6aJ9q5nHFt8csnwhw5rwHbIg4Sid9LgoHB9DHgVuJofT4TIcOaofl8=w224-h298-k-no,Hue
The Scarlett Boutique Hotel Hue,"City, 17 Ben Nghe St., Hue, Hue City",4.8,1350000,https://lh3.googleusercontent.com/gps-cs-s/AG0ilSwc-qP1ZSpl208ST-0xadYNAHp9_9w8fqEAxx-leYfH6fKHIjM3CGDO-I-8Bfz1GDgY9-H8LRU0WD1_NlpUKor6R8dSQr0jCLyBrq_IEzzWUw9IVSZHjokC0zrRxj4gRO8CKtg=w224-h369-k-no,Hue
Teky House Hue,"City, H31 Street No. 8, An Dong, Hue, Hue City",4.9,800000,https://lh3.googleusercontent.com/p/AF1QipNK4S7YmKD9GW_ttACX5DAbt456Ju0hjJOX7c-t=w446-h298-k-no,Hue
Eldora Hotel,"60 Ben Nghe, Phu Hoi, Hue, Hue City",4.4,1100000,https://lh3.googleusercontent.com/p/AF1QipMzq3uN-Y5L5lhjKgvF7N2uWi5tYtXco7TLKs7h=w386-h298-k-no,Hue
Thien An Hotel & Palace Hue,"Lot 12, Dong Nam Thuy An New Urban Area, Thuy Duong Ward, Huong Thuy, Hue City",4.2,1000000,https://lh3.googleusercontent.com/gps-cs-s/AG0ilSw6Vnx8wgMvjFhkTzUZa3tyzCRhmMrgaRMS4i-nDn_Ime6-Fs1ESPyk0Kd1YylM02Xn5vOPH9qITR_4BajzLi0qLQCsFCztKj944W82UWxrgCZqPn8869EoH7KvQ1P86IN75o4o=w397-h298-k-no,Hue
Timothy Homestay Hue,"34 Ngo Nhan Tinh, Phu Hiep, Hue, Hue City",4.7,700000,https://lh3.googleusercontent.com/p/AF1QipMhMUUjmD5yPXOT5BXFjnKdJO9vup10vZgwlQvA=w528-h298-k-no,Hue
La Vela Hue Hotel,"17 Street No. 22 Dong Nam Thuy An New Urban Area, Huong Thuy, Hue City",4.7,1500000,https://lh3.googleusercontent.com/p/AF1QipPIBWxpAd6lXPL_1B08hxwmWIqHmxlz6LbA561k=w448-h298-k-no,Hue
Nice Hue Hotel,"27 Hai Ba Trung, Vinh Ninh, Hue, Hue City",4.3,900000,https://lh3.googleusercontent.com/p/AF1QipOd2hsJPXAQVxy0KTiH2Mntn2y20NkqMWMMoKFl=w397-h298-k-no,Hue
Millennium Hue Hotel,"86 Le Loi, Phu Hoi, Hue, Hue City",4.5,1250000,https://lh3.googleusercontent.com/p/AF1QipM03jFwWX0cJM1TZgTJeplQsEXtR4q_OCjtTbMk=w224-h326-k-no,Hue
Trang An Spring Garden Homestay,"479 B, Ninh Hoa, Hoa Lu, Ninh Binh",4.6,600000,https://lh3.googleusercontent.com/gps-cs-s/AG0ilSwHQyuhze6bOUZXltDBfwLS4PA988cSGh-U4h2RoALRmcsGynzP3pyRhcl_SXDocNOvh-hFoNRZ8iYJeE2ROfKmaX2jnwLRCVgeEx_R_qozJF4qrcHoC4Mnw8xyCDfjGHLKKKvp=w501-h298-k-no,Ninh Binh
The Reed Hotel Ninh Binh,"Dinh Dien St., Dong Thanh, Hoa Lu, Ninh Binh",4.4,1200000,https://lh3.googleusercontent.com/p/AF1QipM5e_YXD9t8U-xsVCxIBT63Y-TYpkEVd_On4BHx=w446-h298-k-no,Ninh Binh
Lalita Boutique Hotel & Spa Ninh Binh,"Ninh Hai, Hoa Lu District, Ninh Binh",4.9,1500000,https://lh3.googleusercontent.com/p/AF1QipOZcUN0W6bKc-0FrAlgAP4PxWRtF7fOQsTebZeQ=w529-h298-k-no,Ninh Binh
Momali Hotel,"02 Ly Thuong Kiet, Nam Binh, Ninh Binh",4.4,900000,https://lh3.googleusercontent.com/p/AF1QipPlEXfVGy8STtVsIJ7IkA-lcpgdkMAiuAnU9jXQ=w447-h298-k-no,Ninh Binh
Ninh Binh Hidden Charm Hotel & Resort,"No. 9, Tam Coc - Bich Dong Tourist Center, Hoa Lu, Ninh Binh",4.4,1400000,https://lh3.googleusercontent.com/p/AF1QipPVE4nDXVlIgdbpYAcBGODHIWXpJPficPVYPYxt=w476-h298-k-no,Ninh Binh
Milan Hotel Ninh Binh,"33 Tran Hung Dao, Dong Thanh, Ninh Binh",4.7,950000,https://lh3.googleusercontent.com/p/AF1QipONZM7_OaSBiJ58u0PLXFSscnAKA3sQApOQzvCr=w224-h373-k-no,Ninh Binh
Ninh Binh Legend Hotel,"177 Le Thai To St., Xuan Thanh Urban Area, Ward, Hoa Lu, Ninh Binh",4.4,1100000,https://lh3.googleusercontent.com/p/AF1QipNcbxzBNw5fSMyAW970AP1dMdFmQAuds50IwUAw=w447-h298-k-no,Ninh Binh
Hoa Lu Hotel,"1 Tran Hung Dao, Dong Thanh, Ninh Binh",4.1,850000,https://lh3.googleusercontent.com/p/AF1QipMa-BMdYBdTKUO2yRno_lZ7oMSR6ZcHK0KwGeQT=w447-h298-k-no,Ninh Binh
Lotus Hotel Ninh Binh,"Hanh Cung Village, Ninh Hai, Hoa Lu, Ninh Binh",4.9,1300000,https://lh3.googleusercontent.com/p/AF1QipOdILcePbyso5347evDTDkgbeS1j-E_tQgwC8E0=w446-h298-k-no,Ninh Binh
The Vissai Hotel,"848 Tran Hung Dao, Tan Thanh, Ninh Binh",4.1,1000000,https://lh3.googleusercontent.com/p/AF1QipPomYnixAc0OMlzdQ3s4TvB9VV_fZLAiQZ7sPoh=w397-h298-k-no,Ninh Binh
An Riverside Ecolodge ,"479 B, Truong Yen, Hoa Lu, Ninh Binh",4.9,1200000,https://lh3.googleusercontent.com/p/AF1QipN21ou04U3OvGWGmM2MPFyjEr1YOtotDhz7Qhbv=w397-h298-k-no,Ninh Binh
Aravinda Resort ,"Hai Nham Village, Hoa Lu District, Ninh Binh",4.3,1600000,https://lh3.googleusercontent.com/p/AF1QipOfzOD5iQnK639bDCwK6hiDEhFYeJgHy1qPcffg=w335-h298-k-no,Ninh Binh
Scenic Mountain Ecolodge ,"Khe Ha, Hoa Lu District, Ninh Binh",4.8,1100000,https://lh3.googleusercontent.com/p/AF1QipORW_hEOEfOjJEuqhX0u6UNWFeESId_7yY0Sr3-=w447-h298-k-no,Ninh Binh
Trang An Flower Hotel,"Alley 50 Dinh Tat Mien, Tan Thanh, Ninh Binh",4.7,800000,https://lh3.googleusercontent.com/p/AF1QipP47o30p6qIQVbcGr8FTmrBhAi3vwkmz9ZTdmTs=w224-h298-k-no,Ninh Binh
Rio Hotel ,"Thanh Cong/68 Ky Lan St., Tan Thanh, Ninh Binh",4.3,850000,https://lh3.googleusercontent.com/p/AF1QipNP-BnqDJM_B4e4JhdiTmy7avea_zcia0CTIvsl=w231-h298-k-no,Ninh Binh
D.Residence Hotel ,"168 Xuan Thanh, Ward, Hoa Lu, Ninh Binh",4.8,1250000,https://lh3.googleusercontent.com/p/AF1QipNZ7lGmrI4suI0YwtCtdPj5l1fpXI0D_S9qEEXF=w397-h298-k-no,Ninh Binh
The Vancouver Hotel ,"Alley 75 Luong Van Tuy, Tan Thanh, Ninh Binh",4.6,1100000,https://lh3.googleusercontent.com/gps-cs-s/AG0ilSyhYpVkfinaTvXz0Rh2J-mVl9HicMLAOP-dwRgarmByGuu9MUCy2bFwqy2Usili6WTKj0WAkK6QEELhygr9CJdE6G0SshTbCmV6K-NEENQaeXV7wLZ9s7QG5MIPmm6287oPiAWQ=w397-h298-k-no,Ninh Binh
Ninh Binh Tulip Hotel & Restaurant,"Dinh Tien Hoang, Ninh Khanh, Ninh Binh",4.1,750000,https://lh3.googleusercontent.com/p/AF1QipPxY57sDHXNZY3dDBULQiUL_7O_Bc86C5709cfN=w447-h298-k-no,Ninh Binh
Kana Boutique Hotel ,"93 Tran Hung Dao, Ninh Khanh, Ninh Binh",,900000,https://lh3.googleusercontent.com/p/AF1QipNICBsD4RKsoM6ffr-c-4gOBtwbLOGZLXw2Dh7a=w32-h32-p-k-no,Ninh Binh
Indochine Boutique Hotel ,"Hai Nham, Hoa Lu District, Ninh Binh",4.7,1200000,https://lh3.googleusercontent.com/p/AF1QipPMbHRg8mszSTU98eXIR9QYAm0CeAQnk7p3s-fN=w530-h298-k-no,Ninh Binh
The Goat Boutique Resort ,"Dai Ang Village, Commune, Ninh Hoa, Hoa Lu, Ninh Binh",4.7,1400000,https://lh3.googleusercontent.com/p/AF1QipNRkPminbOqL39u4vLtBNERKlPlpv0xIpCyudX9=w446-h298-k-no,Ninh Binh
SoNa Resort ,"Trang An, Dong Thanh, Ninh Binh",4.3,1300000,https://lh3.googleusercontent.com/p/AF1QipPe9DgCKqra6ucEdLEU0qvyvwl1P6C5F5S9VO1T=w446-h298-k-no,Ninh Binh
The Sun Hotel ,"195 Xuan Thanh, Tan Thanh, Ninh Binh",4.7,950000,https://lh3.googleusercontent.com/p/AF1QipNoTSNvFnVhQM2F-D0oTRFAPuC0qQzuU9vdy1Xd=w397-h298-k-no,Ninh Binh
Moma Paris Hotel,"55/4 Ton Duc Thang St., Dong Thanh, Ninh Binh",4.6,1050000,https://lh3.googleusercontent.com/p/AF1QipNcgSLppZTXMAY9dvnjZN9hcjk1JxfykCORq2q8=w224-h298-k-no,Ninh Binh
Tam Coc Garden Resort,"Hai Nham Village, Hoa Lu District, Ninh Binh",4.7,1500000,https://lh3.googleusercontent.com/p/AF1QipPgGZIb2_v-Ea8UrhvflrDKIEVGrRiS_xljm9f8=w446-h298-k-no,Ninh Binh
Sunny Garden Riverside Hotel ,"478 Nguyen Hue, Doan Ket St., Ninh Binh",4.4,850000,https://lh3.googleusercontent.com/p/AF1QipMR4Vm1yT83RErODKFMuMgi6E2_sBoKSTLvCLkY=w397-h298-k-no,Ninh Binh
Amazing Garden Ninh Binh,"Hang Mua, Ninh Nhat, Hoa Lu, Ninh Binh",4.9,1100000,https://lh3.googleusercontent.com/p/AF1QipPgYFUfULyMEijwRg7ABp_5lDxoKTOriv3lPKsk=w224-h298-k-no,Ninh Binh
Ninh Binh Royal Homestay,"Village, Khe Ha, Hoa Lu, Ninh Binh",5,700000,https://lh3.googleusercontent.com/p/AF1QipNMVF3ICTdxfm9slOd1FhpldWlk6Z_DBYFjHC_M=w397-h298-k-no,Ninh Binh
Cat Ba Rustic Homestay,"DT356, Xuan Dam, Cat Hai, Hai Phong",4.8,650000,https://lh3.googleusercontent.com/p/AF1QipMiV6TkIivOlH0wPlPMtc0KoVMVRRUIIeXqbOYM=w397-h298-k-no,Quang Ninh
Muong Thanh Hotel,"Zone 1, Zone 2, Ha Long, Quang Ninh",4.3,1250000,https://lh3.googleusercontent.com/p/AF1QipNUhGozjMVYwcfL91jiAf29B0_SEpaZvHzcxEIu=w447-h298-k-no,Quang Ninh
Central Luxury Ha Long Hotel,"Lot H29 Da Giac 4 Area, Hung Thang, Ha Long, Quang Ninh",4.5,1600000,https://lh3.googleusercontent.com/p/AF1QipMTiPpIR8jRUTetgtG1VdVvKhuTD8wi1LxV0baP=w529-h298-k-no,Quang Ninh
Halong Lavender Hotel,"Sun Plaza Grand World Area, Unit E389, Ha Long, Quang Ninh",4.7,850000,https://lh3.googleusercontent.com/p/AF1QipMMUTFKPfo4ZZ4GYKze8Anb3iSFaQV5hBCMHA8=w397-h298-k-no,Quang Ninh
Radisson Blu Hotel,"Lot N8-1/No 47 Cai Dam, Urban Area, Ha Long, Quang Ninh",4.5,2800000,https://lh3.googleusercontent.com/p/AF1QipOCuwm0mFZZglehrhCLEmUZAf-oX1sLdMoxqc8v=w447-h298-k-no,Quang Ninh
Paddington Hotel ,"Service Lot 02, Extended Column 5-8, Dien Bien Phu Street, Hong Ha, Ha Long, Quang Ninh",4.6,1900000,https://lh3.googleusercontent.com/p/AF1QipOHAnTU8Z2a6iOQZtQ2RjSnRI7wt-3GjGJnXRZk=w387-h298-k-no,Quang Ninh
Draha Halong Hotel,"23 Phu Gia 4, Vinhomes Dragon Bay Urban Area, Cam Pha, Quang Ninh",4.5,950000,https://lh3.googleusercontent.com/p/AF1QipMj6ZL6FDjudWUS-FuR3087KKnVwOiajZRi5ISc=w439-h298-k-no,Quang Ninh
DeLaSea Ha Long Hotel ,"Lot 1 Ha Long Marine Blvd, Bai Chay, Ha Long, Quang Ninh",4.4,1700000,https://lh3.googleusercontent.com/p/AF1QipOnYSaJImdpUOGepCPH7RcyDP72i2nBc8PAZ9Xv=w224-h336-k-no,Quang Ninh
Hai Yen Luxury Hotel,"400 Tran Phu, Cam Trung, Cam Pha, Quang Ninh",4,750000,https://lh3.googleusercontent.com/p/AF1QipN81w6n1NzLC2mzWDjLzN2fGEe_FMOtsizeka_F=w454-h298-k-no,Quang Ninh
Royal Halong Hotel,"Bai Chay, Ha Long, Quang Ninh",4.8,2100000,https://lh3.googleusercontent.com/p/AF1QipMlvUGuRXJtdPvuxPbKcXEA8jMO8_XhX5WtnBlT=w397-h298-k-no,Quang Ninh
Luxury Hotel,"Hoang Thi Hong Chiem, Hong Hai, Ha Long, Quang Ninh",3.8,650000,https://lh3.googleusercontent.com/gps-cs-s/AG0ilSzm_ZNbljuL3_Bx99igzbIiBZYA6CKuiK-bypl71T22SjRTghkqSwKTnwcm9qqhAUNn7WHqYbfdmOBGvCIGc7QHu9AJDXYfJvjRokRB3WGt4EVK8uYuqqEqDjMzi1Lhl8cEjmd1=w446-h298-k-no,Quang Ninh
Diamond Luxury Hotel ,"2 25 Thang 4, Ha Long, Quang Ninh",4.1,880000,https://lh3.googleusercontent.com/p/AF1QipOal2ZDYX0oOS7KWVN05eyK5EXdgeA33TLQadQ3=w399-h298-k-no,Quang Ninh
White Crown Hotel,"11 Alley 17 Anh Dao, Bai Chay, Ha Long, Quang Ninh",4,550000,https://lh3.googleusercontent.com/p/AF1QipORbipHcFm9tewWcSbxX23JQMUxMWLHIv8D4d-v=w397-h298-k-no,Quang Ninh
Ha Long New Century Hotel,"Coral Bay Area, BIM 17 Complex, Hoang Quoc Viet Street, Ha Long, Quang Ninh",4.2,800000,https://lh3.googleusercontent.com/gps-cs-s/AG0ilSy447RgfGck93Z90aXuu8ornQLrU6lRDpB7U3TaOaFU05cmNoQTEZj0RUD-lKsJ-CyMJ_oWYD02WrCLUzIW68dLtVv0J0zgJcHeZrCGF9QIKLL4h-Zu2uyc0LDIhGOGWQxohF-cHA=w447-h298-k-no,Quang Ninh
Vincent Ha Long Hotel,"44 Ha Long Road, Ha Long, Quang Ninh",4,1150000,https://lh3.googleusercontent.com/p/AF1QipNxVXEV4kJTizw-cOMFHvZ2ZiAjQ7XrydEWTpbf=w224-h484-k-no,Quang Ninh
Hon Gai Hotel,"No 5, Lot 14 Monbay Urban Area, Tran Quoc Nghien, Ha Long, Quang Ninh",4.8,680000,https://lh3.googleusercontent.com/gps-cs-s/AG0ilSw26mCNghva6J2UtndmaUctC9f8kCsX9-XMzXWhqrIaEYJ9jsfHgtyjfw5CM0KEeYhG-JZS9cSODZsJjRct44mvwzCI0wpQDDlIJKxNImO6Jnb6YgWZIqoWbQ-PV9hE-30P1zkt=w224-h298-k-no,Quang Ninh
Ha Long DC Hotel,"8 25 Thang 4, Bach Dang Ward, Ha Long, Quang Ninh",4.2,1050000,https://lh3.googleusercontent.com/gps-cs-s/AG0ilSw51ddLDVTdRnUS-NTUY22Cg-NU8RaKvHuVkxDJUdEl3Pbt8YcZPuZUuEGCVeyByHstNYjmMMqZycxkbjcl60ISKi6i1NvatP2J4lvIriF_L-YNIFEm85u2MGWhFVKahJOe_UiT=w224-h317-k-no,Quang Ninh
Tuan Chau Havana Hotel,"51 Zone A, Port, Quang Ninh",4.3,720000,https://lh3.googleusercontent.com/gps-cs-s/AG0ilSxv79nrT7dQsEswXiG9BHy-sqr_RV5XEPpgYzapanOgGub7zqrIYqdPz1tpJAdoCcxwz-9TjYwbMfVrumls0uYxp0G4XtzeiR9ZixcOLYJJ_jiSnK5EtrFsdnZb9ogxKRRrBniU=w224-h298-k-no,Quang Ninh
D'Lecia Ha Long,"Tan Mai/38 Cai Dam, Bai Chay, Ha Long, Quang Ninh",4.6,1100000,https://lh3.googleusercontent.com/p/AF1QipPKGHXh5YW71h6JwcCpXRnoQUrpd5ASkxA-I4kV=w224-h340-k-no,Quang Ninh
Halong Boutique Hotel,"42 Nguyen Du Street, Ha Long, Quang Ninh",4.4,1250000,https://lh3.googleusercontent.com/p/AF1QipPzbyJ5Y4FsJJxuHosp_nXxG2GN45RYULCr0rC3=w447-h298-k-no,Quang Ninh
Ha Long Dream Hotel,"10 Ha Long, Bai Chay, Ha Long, Quang Ninh",4.7,1200000,https://lh3.googleusercontent.com/p/AF1QipNitwS7D3dL1qqJvs6HqtBy5bK2MT-CbZFfbUmK=w224-h398-k-no,Quang Ninh
River Hotel,"Ky Quan, Bai Chay, Ha Long, Quang Ninh",4.3,850000,https://lh3.googleusercontent.com/p/AF1QipO9R1zsyNzPJ_zQ_Kx9UP6QIVfA0ZgA7yWDRCll=w397-h298-k-no,Quang Ninh
Premier Village Ha Long,"Ky Quan, Tuan Chau, Quang Ninh",4.6,3800000,https://lh3.googleusercontent.com/gps-cs-s/AG0ilSza67mlaP0-WkuaYNNCrH5AKyJugLDh2n9uxwV9LluhghsSZr4A9leAx8IHFsCpZkOubnRjY80oEAUiYZTDDK-ZRehMDI4DR66PBifnLCLqC7-XKwwLsaJJCGyd0uJIBYaYyqoezQ=w397-h298-k-no,Quang Ninh
Bai Chay Panda Hotel,"62 Anh Dao, Bai Chay, Ha Long, Quang Ninh",4.8,420000,https://lh3.googleusercontent.com/p/AF1QipPwSdOb0TPXwh8X1I28RSpO4FLgdvjaVLBpC8-1=w224-h414-k-no,Quang Ninh
Royal Hotel Hon Gai,"Tran Quoc Nghien, Hong Ha, Ha Long, Quang Ninh",4,780000,https://lh3.googleusercontent.com/gps-cs-s/AG0ilSwxBk1OvTHQi4iia7r1eXYrrLp2aJOXtrQjUir58VI0kj-GB94gWIWA41CN5qOU0rJ7AlG02CNjU7GKhoTNfLSaB8_by2TS5LOZD0NZxj9BCnagOtJThjlyvKe0fnyYM9JrLDc=w529-h298-k-no,Quang Ninh
Top One Halong Hotel,"Block D2, Unit 3-4-5 MonBay Urban Area, Ha Long, Quang Ninh",4,820000,https://lh3.googleusercontent.com/p/AF1QipNBMl3W54SjCTYArqaL3y6dOy7V7SAvvCegFqDe=w224-h336-k-no,Quang Ninh
Sunshine Ha Long Hotel,"Sun Plaza Grand World, E345 Ha Long, Bai Chay, Ha Long, Quang Ninh",4.4,950000,https://lh3.googleusercontent.com/p/AF1QipNoMZooYLdf4TIDLWzTj9nlMYA5DraQjC1Sxm8R=w282-h298-k-no,Quang Ninh
